-68
-36
-134
-6
-91
-5
1
-64
-106
61
170
-57
-88
1
58
-104
52
-67
67
-1
-12
54
87
-216
-231
-224
27
204
35
-63
38
-104
-21
-216
-36
-13
-14
234
204
-324
208
-71
129
74
22
92
4
-44
-113
-296
88
-200
37
111
-237
-120
-322
-150
50
-89
53
26
39
-1
-75
64
77
-173
228
-216
-33
-37
-201
-142
14
69
-9
228
186
67
-135
54
326
-343
-114
142
-508
165
-100
-199
45
-193
-121
23
-71
-190
-121
357
563
62
191
-234
-170
-106
-178
-74
28
-1
168
20
57
540
-129
205
-368
-10
-266
-91
-495
142
238
89
-63
-361
60
328
127
-172
-198
141
310
-36
75
-529
-621
-46
-78
-33
59
-385
-480
50
139
357
2
80
-189
214
13
-575
-184
214
168
9
-132
-318
337
189
49
-326
108
-61
-154
173
-288
121
-106
-159
-212
-411
-114
76
36
-49
-197
-363
-268
5
171
-38
143
-97
100
-137
91
-87
343
99
-31
141
-145
-79
138
-44
51
115
0
-196
144
-318
71
-134
-243
-64
-151
-138
130
-115
-100
-235
-46
-212
-227
-32
-136
-42
-154
-46
52
-302
278
3
-86
-182
220
-82
-38
78
219
-89
45
233
154
-162
-258
209
16
83
199
195
-32
60
15
-95
-130
83
19
131
-153
142
-51
24
70
229
-69
-417
128
24
142
-49
365
-286
-66
410
-20
261
-104
-145
370
-91
285
42
130
-43
257
-51
-235
447
-376
175
320
20
-198
-151
322
79
145
-94
-111
181
282
-131
-198
-564
-726
522
-209
592
816
-135
178
-340
207
618
17
-47
-715
61
-236
20
56
385
498
-99
-394
-246
410
314
-95
-419
215
-5
-188
385
-212
113
-78
103
94
16
75
63
366
123
-105
-62
1
-123
204
-140
-88
84
-74
72
-111
331
7
-33
20
79
-75
70
170
38
18
123
-131
70
-283
7
145
-124
-253
175
51
65
-218
110
122
-120
238
56
-233
217
-164
256
-7
258
-172
128
-84
-7
-110
-51
319
183
-218
24
-254
67
91
216
-60
5
-29
372
61
126
257
51
203
-199
-60
388
76
233
20
97
-28
332
151
115
-375
10
39
-2
363
16
29
-816
-7
-102
-303
361
-148
19
106
247
275
-12
371
91
-35
-350
476
-62
-311
257
-74
90
64
309
-155
8
121
-105
78
202
121
118
188
-463
174
-343
82
35
-218
282
74
312
-80
-261
83
110
76
58
-467
127
-99
5
333
207
-158
162
296
340
-143
101
-133
-104
111
133
130
87
-183
251
78
-260
105
-146
-171
112
-292
-149
-263
161
102
-46
-150
-116
60
-13
139
252
333
83
58
78
25
86
-98
-23
21
-129
-206
155
-33
290
457
-376
-19
-235
-556
472
-451
-86
-25
-70
155
-192
-234
-184
-194
-6
262
-48
203
-246
330
290
19
141
60
-10
-302
187
140
-132
52
219
229
-91
-349
-156
50
137
-527
-102
178
106
-102
42
99
544
331
-135
-238
99
54
164
253
-110
-58
177
289
-103
-46
126
-81
-92
-294
99
218
359
-728
157
-83
-256
-209
153
-348
340
-186
-221
59
-194
-328
259
-194
582
134
-204
-65
-55
-225
542
-171
-242
-91
-255
-131
-400
176
-437
-32
108
74
56
179
-14
-139
219
-38
109
-358
-39
67
133
-149
-50
113
98
188
-51
226
190
80
284
281
-264
-295
-42
184
555
286
157
-12
223
114
-54
39
-444
-260
-147
-126
43
115
53
-102
59
-88
-85
217
-169
87
-186
-206
348
154
394
-152
258
-622
9
-167
825
152
-79
-312
482
246
48
122
-584
-12
329
-96
-137
-1
410
-40
576
189
91
-145
193
718
-336
-203
-297
64
447
216
74
-192
156
0
32
108
-479
-130
72
-8
240
-69
334
299
238
104
-112
319
497
177
720
374
-48
-704
533
588
346
-370
-1060
431
724
377
-833
219
322
208
-429
165
-330
116
-144
-286
-19
274
597
643
159
24
115
334
206
27
35
-142
-191
-495
580
352
387
-114
-114
120
379
104
-763
236
228
-284
-463
26
-236
75
102
-339
-205
169
568
473
7
-80
-201
351
88
-231
-185
-216
22
-110
367
-197
307
188
-64
306
47
-101
-475
32
-47
46
-91
220
-77
9
329
20
434
325
-105
3
-2
206
37
-103
137
-2
-6
51
-67
294
59
-56
304
-29
-135
4
-124
118
-30
-121
427
260
-234
384
-407
71
-335
-226
-74
292
-65
-217
30
439
205
-37
-35
113
-57
-35
154
-284
154
47
210
-251
6
184
-152
278
-460
-11
81
-29
81
547
73
260
-209
-272
148
-54
224
493
162
-27
135
38
333
-359
-201
-202
37
-438
108
106
204
-170
138
387
291
272
-140
-52
110
-58
100
-122
211
102
-19
106
497
149
150
251
165
167
181
294
21
85
168
60
222
-98
310
277
95
316
91
-24
203
316
102
186
150
72
90
-405
-107
-18
201
97
-42
223
68
-2
-116
-41
274
7
-25
-78
-71
-151
155
400
19
99
-62
-100
80
407
111
-156
-67
215
-41
21
-71
142
135
65
303
-31
42
-48
-98
26
125
21
-8
115
28
-91
12
103
99
226
171
71
-28
32
-93
104
23
137
-44
250
169
-118
-281
213
55
134
-240
15
11
79
-110
192
396
213
-140
227
528
1
-107
189
-30
374
-121
117
160
132
-158
-31
-149
366
6
237
-273
182
-434
140
507
204
198
-333
184
232
-253
127
535
147
222
-203
148
152
-274
126
-303
188
1
-275
68
241
126
-112
-190
129
50
-61
-75
-19
264
46
251
-160
79
347
437
352
-444
-428
482
33
164
21
-76
-179
395
244
-475
334
143
426
-146
101
-95
-117
252
252
234
-380
116
65
39
-300
171
31
-261
431
-9
-330
-180
-590
16
-71
250
-165
-238
-412
97
248
-269
134
51
93
-211
191
212
81
-54
-390
324
91
-104
-19
-22
-88
-8
-70
24
31
-61
-27
-64
257
-157
40
-118
-10
-20
195
71
-24
-1
137
55
-52
266
203
101
-111
-191
-111
41
569
-206
-322
173
4
173
-148
-105
126
-139
64
76
263
43
128
-338
-21
260
654
-301
-117
504
-59
-110
-487
649
70
164
167
-354
-223
78
48
-232
-576
-132
-463
70
165
599
-91
-431
-114
-445
-327
-186
-281
-516
-209
-451
-177
-277
-312
-284
261
-419
-808
65
-370
411
-36
-322
-180
26
-64
-378
-384
169
-326
254
-297
358
486
76
-127
-497
-595
-19
-434
-504
-423
-290
100
-64
336
-162
607
-577
-159
-407
-505
451
-357
-683
-30
510
-19
-246
-253
283
-264
283
182
-282
606
194
-344
26
-506
-417
-283
-171
-352
-53
-80
-94
-16
124
124
-131
-216
-369
-177
1027
-176
-121
-113
383
-14
-402
-224
-134
-426
3
175
92
-109
-231
-142
254
-496
-144
-249
151
-44
29
-25
22
39
211
219
-160
-266
-128
182
-50
-90
-72
-91
114
501
-241
-245
155
-80
170
343
-382
74
-87
-77
257
-4
478
184
-330
-104
-32
543
-297
-438
194
-209
24
94
220
286
198
68
-34
291
142
-213
-443
-158
-361
-126
139
-49
495
-482
-523
-118
-245
-36
38
-183
8
-452
-71
638
-270
-374
8
399
-481
-573
-42
-294
-67
-317
-493
-117
422
325
-443
-239
55
-256
193
148
-498
-176
-10
-141
16
-127
-205
-302
-138
-293
-116
333
-427
-90
-144
337
-473
-451
-112
17
363
-283
-205
-122
140
425
1
-157
34
157
95
264
-67
148
145
-28
-13
486
227
-63
41
-237
38
127
-222
-200
-60
-167
-269
-117
-142
225
160
-19
33
25
-147
-68
-318
-95
53
-25
316
-245
-102
79
-56
-310
77
-550
-254
-182
-82
-23
100
-188
119
50
71
52
-270
169
-252
45
144
-111
-67
-9
409
-108
-303
-202
35
91
663
465
-193
123
-149
-128
-14
-312
384
-79
32
-211
17
-76
156
142
-20
284
-244
-179
-348
3
231
153
112
126
457
-4
38
305
280
-54
330
52
267
238
-14
-48
-206
-417
230
-256
216
72
113
187
151
454
-658
216
139
54
-77
-119
170
-302
47
28
470
438
159
-57
96
212
173
-206
-108
-143
168
139
115
252
266
0
-128
385
-151
-113
-405
-243
-508
-568
-520
-580
169
79
-98
-223
-339
192
-198
175
331
91
-35
-6
-164
158
-84
15
465
82
144
276
26
191
305
174
-117
-54
-183
-51
-112
-323
1
-136
186
-39
-82
-139
-81
276
-423
-66
-190
-87
48
-367
92
20
70
23
-267
-150
-121
-34
-3
-79
-70
24
-250
-128
103
-33
20
141
-266
-4
-122
-46
40
-129
34
-52
138
157
219
-20
-37
42
659
293
-12
-133
-272
-233
-84
1
35
-85
-62
97
-190
341
121
82
194
136
117
86
-63
-225
242
-190
119
-36
388
-82
-377
-135
58
240
150
-114
323
-332
77
-292
-94
128
87
-363
-11
-306
185
424
-161
-358
-368
413
-282
-56
-98
-166
90
-288
-147
257
329
105
-105
-6
-146
128
205
83
-305
-78
-166
-193
241
123
222
-324
-253
-86
-72
236
-206
-95
-83
153
-330
-176
-172
-27
441
-71
8
113
324
461
-161
-58
63
365
377
324
-218
112
257
-148
654
384
298
-103
-358
-132
388
488
-258
119
10
-175
68
-223
70
354
597
33
-346
297
209
-52
195
127
498
-316
274
46
-341
257
-308
-730
-320
-892
-163
-423
236
-139
-239
-275
221
163
-154
368
69
336
-192
-125
424
124
373
-431
114
16
217
-389
424
-467
190
110
-395
342
-115
-360
237
-608
64
-114
-299
94
-232
73
896
516
227
133
112
253
-16
167
384
-153
2
2
434
54
179
-539
173
50
524
93
-225
-339
-354
317
42
233
201
89
-869
83
-384
258
91
448
0
-22
-111
-429
190
-105
-231
-140
-207
462
282
272
-41
-247
-184
91
-107
222
-377
-51
219
259
102
227
115
-134
-184
-38
56
-57
-363
84
-175
286
-275
-752
113
1
330
178
-340
394
-87
574
88
-73
-37
720
50
13
-351
-44
655
410
503
557
772
527
-120
11
153
538
-267
-163
-211
-63
-359
-447
467
658
217
298
-223
356
-41
-98
-148
182
-125
394
-32
-59
235
347
-183
41
76
-182
-238
1
125
-171
220
-132
88
62
89
-141
9
87
26
-120
152
267
188
36
-239
-363
479
227
457
215
288
142
-630
334
252
-51
37
-272
-245
176
319
94
81
-127
686
598
436
183
160
563
-56
-235
176
-55
400
269
406
-558
67
457
181
106
240
154
-269
164
-326
-633
273
-182
48
84
139
-81
15
90
538
361
-21
-91
-108
155
140
-266
339
157
49
303
-178
-20
282
167
45
258
-13
-231
-76
-573
103
203
410
-162
-90
85
-143
248
206
-128
-233
-159
188
-617
128
-65
116
-116
126
116
67
136
-77
15
283
178
-381
448
-20
64
204
-526
405
344
98
323
278
366
245
277
226
120
-243
-264
337
-509
142
-280
198
107
-424
154
297
331
-190
246
336
58
-72
307
101
129
-165
-139
-11
-66
77
489
270
178
14
-3
43
121
21
-86
-54
215
143
73
68
275
28
70
293
165
-354
-75
121
202
252
-329
89
184
-39
380
-241
-4
-83
-61
226
306
86
33
-14
177
-71
-112
223
72
-40
-52
-9
-15
92
64
551
-414
-118
-38
331
292
24
-58
-181
152
-51
65
-459
-590
18
-353
77
-253
-403
352
-11
-203
101
242
70
-66
152
161
371
-459
188
77
-7
-48
-131
-430
447
224
147
42
-238
-335
399
-452
67
-140
126
170
68
627
115
351
-27
-161
315
304
221
-366
312
169
-18
-105
-325
60
424
153
-293
-274
242
68
-282
-45
-303
-241
423
-290
502
390
-3
451
242
204
344
194
-152
-223
32
-354
65
182
66
180
182
-275
-172
95
56
228
-383
-69
-23
-123
117
-174
-149
101
37
-136
212
-47
-38
-71
81
-67
-244
-376
4
181
-174
-39
-180
285
-125
-135
-149
-164
56
-315
-33
-234
-296
-482
149
-198
411
-88
-180
-27
-127
-39
87
-28
-256
-467
-464
177
129
240
-186
-238
195
-50
-42
-23
15
163
-207
-96
67
125
340
-291
-195
-257
213
-97
397
-179
-325
-104
-221
-91
84
-42
24
-595
-455
112
154
270
62
-457
2
151
420
-277
136
37
-24
-568
-229
361
-4
-381
-33
-264
-71
111
-259
-91
-251
-110
-201
-295
-196
-145
-331
-220
-128
193
-259
-141
210
-154
113
-156
242
448
-114
-175
-313
-130
-310
193
-388
-21
-291
-11
87
-88
5
-204
-222
-135
-373
163
-54
-46
-148
-316
-438
-130
-174
33
235
-160
-128
-160
-21
242
-107
-111
-97
171
57
62
41
-69
-223
10
-235
-71
-158
31
7
21
-45
-285
-147
89
61
-162
8
-37
-118
19
-49
-72
-11
61
11
-10
-135
-200
-68
-67
-30
-33
-132
47
-60
263
-107
-42
-238
41
-252
152
-230
50
-13
-108
-14
274
66
26
31
8
-114
-33
-261
-317
-7
-49
-43
-135
70
-74
57
27
-174
60
-217
-61
472
-63
-7
160
-342
25
2
-236
-96
-118
69
-27
145
295
46
107
312
52
-222
-220
166
-485
-104
-34
173
3
-142
245
201
-21
-250
-98
345
155
-150
1
-535
-255
-57
-65
82
-63
9
-136
-39
420
91
75
311
1
-285
-161
47
-344
-98
-158
109
142
-396
705
34
190
-365
106
-114
122
-40
144
-239
-39
98
-84
141
-123
-132
-54
67
55
46
55
95
50
-215
-131
-8
84
-199
-115
-27
-38
-117
418
-145
198
-307
84
68
-8
10
-207
30
189
-3
-208
-101
-246
-29
86
-5
-285
-262
39
66
-22
-26
52
-193
398
98
48
19
113
191
9
101
-189
-31
-246
449
-23
301
-70
262
430
378
42
-62
198
-219
180
14
6
-78
133
144
-278
-21
203
-101
226
269
353
50
-27
242
86
468
-111
163
-188
511
311
507
126
265
-310
255
566
328
318
-624
381
288
309
252
314
281
81
360
136
-355
-102
520
697
47
-441
-115
204
472
307
6
31
367
354
-429
232
-295
-311
-145
38
469
264
167
232
62
406
507
432
93
-19
44
-96
329
-101
190
367
170
-357
40
91
130
25
79
258
-38
-173
-78
-232
-166
-21
64
70
-100
-160
309
430
-1
-118
-169
386
106
-78
-8
-131
135
-85
-276
-79
100
71
-41
-40
-134
-277
-175
164
164
59
-75
193
-201
-86
72
-56
235
263
-21
371
179
222
193
88
105
371
25
92
67
51
143
-88
232
72
20
164
-6
146
-435
82
428
510
-24
212
-141
-387
-178
32
154
456
121
725
287
408
478
599
318
312
-126
22
580
-316
499
-109
511
-150
34
368
215
47
-38
-161
136
543
-272
-156
-327
-452
525
500
-53
81
-161
251
-110
20
478
324
-277
-90
236
-113
336
-104
483
210
304
-453
409
282
-271
89
-343
-12
-42
-72
202
-14
113
-135
-69
363
317
-51
100
123
-141
201
88
-72
135
-59
207
154
129
75
25
-110
59
-99
621
-131
-190
308
254
96
-130
-11
-158
385
53
194
-262
-28
136
-198
157
-122
173
171
-72
-72
16
152
94
157
89
-266
-141
-58
247
65
59
202
224
265
-28
311
-329
-112
228
-163
175
150
-420
-208
-254
-87
82
76
225
-155
-348
-125
-27
138
-274
-175
63
223
-125
-329
-108
285
149
-9
141
-84
43
478
-194
-263
221
-124
381
307
-789
-126
-837
-289
534
50
265
310
-488
-109
52
438
-224
-282
493
-31
-399
-402
-150
585
338
-206
-11
61
202
171
-200
-45
-880
-194
196
363
-566
-449
-542
-394
263
-395
-36
51
-159
249
100
51
-163
-120
236
-153
-492
-711
24
99
66
262
-742
203
-96
51
-186
-12
280
-193
166
-51
-464
-156
390
-169
-97
131
33
112
81
70
-303
36
5
197
-106
122
-232
-207
-171
-178
-6
120
-15
66
3
106
409
138
318
324
127
-70
-31
-127
597
385
-238
213
134
148
254
216
63
-37
144
503
-82
21
-46
217
56
-215
-302
-34
-74
163
-99
80
-349
-189
171
-203
86
50
91
-76
-19
-21
243
-314
113
-114
-247
-110
-212
101
-186
-204
47
113
-130
-76
-348
264
401
-17
29
-153
-17
-294
-165
-216
397
76
20
225
-458
-224
-66
112
-268
-337
153
192
-354
-278
38
174
-184
131
-47
338
-216
16
-306
286
279
-44
215
-56
109
-371
-240
-356
60
-188
71
-88
-161
-260
-103
-536
-207
-637
138
-11
-403
-104
-143
-112
25
-2
-174
276
-509
-325
-113
-221
-119
46
-243
132
154
50
-457
-395
666
-273
-140
-222
116
-25
218
-139
-335
-99
-232
-320
-156
-182
-398
-578
397
205
-12
59
-267
153
-252
-320
-161
-152
7
-315
117
-30
100
360
298
217
-252
-257
463
83
224
168
-91
182
-216
261
665
-37
-50
-462
390
331
-205
207
-181
173
342
-105
-74
-331
172
-81
-87
-66
-34
-58
-155
19
-213
-24
-32
-163
1
32
-76
231
5
104
-96
-13
-30
158
-7
-12
26
-294
119
4
20
-127
-168
-32
-139
27
-113
45
110
91
-102
-4
-429
-107
253
71
16
152
-499
186
-106
-23
10
-43
-193
-44
-154
-195
-218
-154
300
95
-47
-360
-350
-41
-86
-3
-349
-214
-245
-357
13
-242
-146
-374
252
-92
-203
235
-383
110
-125
-246
-294
-146
-10
-244
60
113
-306
-370
88
98
-216
-296
-3
-244
-92
-40
-69
11
-115
-229
9
-61
-285
-159
-225
-16
-13
109
-227
278
-21
15
-216
-116
193
-43
-359
-34
73
-506
-386
-439
-17
-9
-196
115
-113
208
-218
414
262
-32
12
-144
-263
-274
-305
108
79
104
-97
605
8
-30
-82
167
266
90
-5
156
-18
-313
2
-64
214
-15
-179
382
72
14
-158
87
64
151
-278
-21
126
-41
-170
-105
-78
-160
-209
-44
0
-98
-66
51
54
-41
-82
14
-191
147
33
186
-81
109
-170
-49
-124
-95
54
-70
300
199
-619
-33
-266
-269
266
-242
-22
206
-259
234
-85
-67
169
-36
-41
-231
-134
45
-317
69
276
-63
80
-329
-308
73
-195
9
-378
-64
221
706
61
407
183
-259
969
138
-3
57
-277
488
-73
-377
690
92
179
-415
217
263
-235
34
547
571
156
-198
-147
-3
314
-133
-55
339
183
277
60
395
-325
-257
172
-296
290
214
97
-119
87
279
98
191
238
-396
-128
58
-322
-61
216
160
179
178
-327
113
249
212
-294
353
206
269
79
275
4
-178
-267
170
640
475
19
55
80
350
272
305
451
-591
-154
-131
-234
195
-171
-328
108
455
239
174
65
377
235
345
-194
-144
-50
-108
-18
40
-153
170
-128
52
53
375
296
-48
-98
142
156
211
-69
-31
128
114
42
-137
205
64
80
-22
-190
36
141
71
177
-58
-178
259
114
32
414
77
94
100
120
-9
144
105
-64
221
233
-78
-190
-145
115
65
1
-120
129
321
-101
264
-168
253
180
-375
182
542
-169
146
-80
-26
885
180
514
310
-669
-239
309
334
684
-94
-18
2
366
-217
-438
-15
241
447
-179
60
-298
-43
-33
431
88
-65
-66
340
-123
22
-199
-379
259
38
407
279
-159
-55
-32
24
333
-412
-257
-42
26
-525
-368
85
182
520
-304
-384
-84
77
-22
346
-162
152
43
185
108
411
136
274
-304
-13
622
635
-15
202
93
115
29
-212
-12
-277
-294
-167
-43
-69
-111
-93
54
-48
322
-14
227
305
25
-198
218
1
35
-96
108
354
95
-20
-22
-188
-177
-151
133
-118
-99
48
98
249
-15
-105
128
7
146
4
19
211
92
25
-153
-198
295
-295
60
-35
3
205
7
29
592
64
111
23
-330
-32
241
-105
-165
-120
206
270
5
143
127
204
198
90
108
-357
-184
19
67
-36
117
-75
-6
-9
66
-141
10
-9
223
342
-94
-105
4
-118
74
29
310
29
-191
494
177
-42
0
0
247
623
228
-50
4
61
118
-81
-252
-35
-11
-72
-81
75
63
-19
518
-184
141
140
-231
-11
-146
-145
245
-15
-95
-124
-337
-565
-356
-169
466
92
213
155
-57
12
179
127
113
169
82
-70
-311
348
-265
108
161
108
268
597
131
349
102
180
42
-70
245
46
-379
-312
-223
-83
-246
-226
123
267
-135
80
-137
177
-395
-322
298
97
57
215
19
48
-92
63
117
184
-271
282
148
253
199
85
36
134
79
11
63
-82
-6
327
-27
-17
-232
93
-83
109
176
-7
204
27
-256
232
-379
-388
147
64
-49
245
-224
851
474
-24
96
221
177
468
117
99
-153
26
404
149
129
-96
-99
47
-25
72
-392
203
-119
-124
-623
83
-350
-156
188
196
-61
100
-53
409
202
-99
-16
-128
-70
470
113
-207
-201
31
194
73
-56
68
-329
-40
-216
138
-272
195
-172
-44
-254
-93
-52
38
-118
-63
-249
82
134
279
39
-338
-126
23
-186
-225
-125
-79
-106
-284
88
-2
-73
-26
-296
-290
-234
-140
-88
27
-203
-42
-448
-65
-91
36
-103
-385
215
283
-99
489
25
-43
-41
-214
-385
-86
-338
-292
-402
199
-72
-402
-27
-151
-5
-468
-302
177
-402
166
-67
-2
67
-41
297
23
93
17
85
-36
124
-142
5
-21
-7
4
-16
-101
129
12
-9
185
-47
9
-34
68
279
-29
36
0
227
-379
-388
-123
71
-71
558
107
71
86
-174
-303
133
-679
126
-329
-106
-70
-102
-159
109
136
82
155
-280
-259
-250
-21
149
-30
-14
-18
413
-47
-478
-90
49
-153
417
-13
-227
12
5
-192
-130
-640
76
-193
40
-198
-75
274
-161
-173
23
218
-563
-206
-302
165
99
-253
-63
125
157
17
-281
152
-13
149
168
103
-207
-88
-139
-202
-363
-297
32
44
290
-325
-490
70
-122
69
-345
10
-263
-106
-306
-195
72
-82
114
43
-108
-308
-63
229
-37
221
-86
-154
-44
-69
-61
-23
-311
-205
-36
-241
-25
-181
-154
-65
44
33
-398
-368
-3
276
-185
-99
-54
-88
88
-133
-19
180
-21
-125
325
-99
244
84
-94
80
-106
-18
99
31
113
-70
-69
-24
-55
101
216
123
65
192
-1
74
24
-39
211
-29
85
7
278
-135
-456
-325
100
-132
201
-102
-362
-245
-511
-155
55
-357
197
-258
-338
-23
-188
302
176
187
-87
-192
-181
-66
83
3
127
-183
-78
-1
233
503
-339
-626
55
-309
56
29
-385
-379
-416
-373
207
-109
-41
-243
-461
-229
-309
28
-151
46
131
-49
-499
-414
-50
-207
590
-426
-368
8
-63
867
-113
-221
-375
251
184
177
-1
-385
-109
10
357
427
-129
-150
-282
-25
-250
350
-567
-282
-66
-453
-35
-836
489
-200
138
-158
-508
-110
-252
492
-119
114
-208
53
-532
-101
-149
-329
-187
301
-331
360
238
-21
259
-63
-127
88
-199
-573
-188
-871
198
-324
46
-2
-271
-67
-210
-62
-485
-159
140
59
148
-118
380
81
-35
370
-159
-84
24
-427
95
-24
192
-31
-7
-323
221
148
16
49
-98
331
-114
83
292
42
306
17
419
114
-479
-152
-296
-315
211
132
-260
-30
-369
-600
110
-462
73
-319
70
-15
-197
120
529
127
-332
87
-272
115
-57
-36
36
-268
-38
-156
141
166
-36
120
16
-14
230
276
-291
-315
-291
-265
309
199
166
189
-387
94
154
27
-313
72
-110
371
-165
-423
-25
74
140
-391
-82
-6
32
124
357
442
-679
-21
-429
-110
365
-390
-8
-188
286
135
130
299
240
430
128
23
-163
-233
423
-107
168
97
414
315
-237
103
-18
127
-345
-145
324
453
-460
-644
-143
-304
122
-165
-29
-293
150
-290
-377
-80
398
281
287
-529
-298
-83
137
110
236
-8
121
99
-246
145
-62
-647
171
-192
-69
22
155
-192
60
73
-352
13
-162
-148
-134
-614
-96
-183
222
7
-131
-39
115
189
2
-147
-263
132
-179
-241
112
219
-30
-103
136
-289
-295
100
165
-371
-5
33
-23
543
-385
-865
1
-1004
-239
-475
-41
-208
-161
105
355
28
18
176
-209
113
-238
271
-182
53
107
-465
314
-177
284
-128
462
114
131
-4
-84
140
-86
-324
87
-128
-466
-7
-57
94
182
-290
243
125
152
-80
147
126
143
470
18
-111
236
-185
180
-224
211
135
-256
25
211
83
-2
-49
175
-111
113
-110
-428
-169
217
315
283
-565
343
226
72
-241
122
174
2
-250
31
-199
-86
1
24
-244
-261
85
-160
-6
-52
-97
182
-298
-135
-170
-142
-396
122
185
-177
110
45
196
13
139
20
123
-82
-11
-54
-147
165
77
-256
107
61
-227
-217
3
-108
-262
-36
-26
108
88
-232
-19
-62
-274
-161
-69
53
3
-61
21
20
53
94
-402
-143
-162
-75
-170
-95
43
-115
17
-79
-124
-29
-62
278
96
-42
-49
322
186
184
180
-283
-656
-125
-218
149
-216
-315
-212
62
53
-59
-278
-65
369
-371
-287
-118
-125
64
285
62
-230
98
-6
121
102
-106
0
-397
192
38
-46
-128
-247
282
-14
149
-182
329
-196
6
-79
-168
-326
-48
158
-26
-92
-552
89
358
73
-232
-350
300
118
123
-254
72
-4
-365
-29
26
277
-65
103
155
-10
35
-214
114
390
-117
13
141
125
-141
-146
-172
-255
67
4
283
133
-152
69
41
-113
-195
11
35
-98
-407
-461
87
58
-8
-130
115
-153
-299
-116
20
171
-56
-24
-71
52
18
-239
-95
52
-97
40
-1
153
-193
187
-274
-12
94
-151
88
-3
-118
93
-88
-144
197
4
4
-111
12
-71
43
-68
-9
17
-81
18
-228
-135
196
83
42
-3
79
-32
-69
84
-237
-112
45
-103
20
3
-236
-317
-265
-217
382
3
123
-23
-262
47
188
2
-92
59
162
-334
-36
-426
175
207
121
124
-11
-176
-143
262
150
153
-133
-140
-428
-66
-110
-283
-118
187
184
-214
-8
224
53
-112
5
172
-429
-193
40
-368
-77
-357
172
-235
119
521
6
-157
-511
-299
-79
47
-160
-357
-233
-142
-46
-91
-428
-181
-40
154
-209
377
-166
-12
-217
155
78
-85
189
-264
-28
53
291
163
21
406
38
-139
-157
-102
-33
-139
136
16
-10
116
84
41
64
320
-139
171
18
88
-102
-264
34
21
204
-304
-91
-95
68
84
56
247
-59
226
164
-198
-26
238
286
-153
283
-36
267
282
31
132
-338
-79
275
-458
-201
248
53
13
21
-296
59
60
256
55
209
73
69
-36
177
26
380
-93
275
38
261
-167
271
-231
262
115
-351
-355
-453
-414
124
-220
-301
81
99
-57
-297
-254
-108
-29
-112
-107
450
199
97
-55
264
151
859
-155
38
-14
651
167
580
-432
-61
73
-221
-92
-451
-220
-46
-289
-222
356
442
241
-184
-254
-201
-262
356
-262
478
419
129
-279
-122
267
565
-379
-131
-416
25
46
-457
-85
-50
240
-296
-39
-221
-532
115
75
-196
127
-3
109
-179
-182
175
-311
632
-349
20
110
178
-33
-562
68
-315
-418
27
-613
323
93
-48
-265
-342
-193
222
327
-51
-2
-265
141
-333
314
142
325
-97
-173
227
74
126
76
349
256
-181
-336
-222
92
219
32
-144
-116
228
121
640
-168
487
-52
-208
30
148
-286
-115
-671
-183
175
529
-142
-292
-403
225
302
104
102
33
360
-311
-79
-38
150
673
-57
179
45
455
509
431
-160
522
-45
-46
302
6
-375
-33
-210
54
260
811
171
-427
-551
666
583
-145
-58
184
589
245
-57
66
103
388
-89
246
-346
-172
384
614
255
-23
-57
-257
340
91
-503
-49
-462
-352
265
297
133
7
-95
436
463
71
-567
132
323
-309
42
-54
307
415
-172
-16
81
-267
98
-58
204
-401
-12
-583
-390
-56
-503
589
-100
70
418
-512
226
314
445
-59
195
528
-454
-324
146
-54
213
56
-173
356
-137
102
-200
-171
-119
-20
145
-277
593
16
91
-198
-367
194
-31
-120
-101
-67
96
140
-39
-209
-4
382
142
-193
-124
-239
570
277
346
-97
223
208
131
-253
-70
261
-57
29
42
-206
200
24
-68
410
-379
-72
-29
199
-99
-52
-112
-69
67
10
-314
-260
132
-195
65
213
145
341
141
-25
-138
-254
137
432
-192
131
362
-536
-2
254
-269
323
-674
102
291
596
233
-6
-353
307
537
101
-364
-329
28
120
244
196
88
226
-35
80
304
-107
97
-74
-47
-162
-121
-432
-318
-369
-372
128
-283
-264
-54
-80
64
-266
-301
64
109
502
-110
-330
-57
-53
-182
153
216
-50
-114
116
92
-265
-227
-85
133
-22
-109
-306
332
587
91
340
-36
466
344
-104
20
280
11
217
147
189
-195
-181
-53
21
91
-309
271
204
-14
-67
-218
-571
-242
-245
-125
-95
49
451
27
-289
-126
-112
-98
579
-234
-271
-240
-472
90
23
-405
66
173
165
-94
-166
-138
327
-85
-13
-246
157
-131
231
-11
113
89
-15
43
-26
98
-221
-43
219
-221
-288
-81
60
-188
-268
-292
-17
280
-63
44
180
75
-148
336
-81
95
321
-192
38
-372
264
-148
314
-447
369
-46
132
-261
-93
-156
28
-720
-419
265
-15
-80
-37
-642
71
338
-59
25
-300
-125
74
-379
159
-168
326
-84
53
-397
78
-173
645
81
54
-14
80
508
205
15
-196
-639
-156
273
-57
102
-130
-407
523
190
133
-2
90
97
307
-283
14
-19
-197
-20
299
-163
-32
-389
-176
90
-42
-88
-524
203
53
14
326
422
261
258
-696
279
200
453
41
-51
182
157
-503
-165
-63
182
138
-122
-382
162
-16
-80
-348
-427
-245
127
-294
186
-287
-248
-490
-446
-47
-243
229
-166
-801
-259
-264
125
134
-74
119
-181
-219
-142
-650
184
-58
-77
-25
-3
-211
-136
-98
22
23
-21
108
10
34
42
-32
-26
93
-435
-3
-68
35
48
3
-224
14
44
57
33
-274
-44
-147
-7
9
6
20
14
106
114
-536
-161
7
30
188
252
-364
-73
25
137
44
-265
34
-229
-235
-156
103
195
-187
-35
28
-301
-565
-521
-99
180
517
2
-66
120
-41
304
-144
72
82
-229
-123
29
-230
-206
-221
-231
459
80
182
-79
347
-223
124
765
-203
-172
277
169
-94
-79
6
-45
309
-17
449
-47
-226
-87
-177
293
71
-5
-96
146
-121
-94
69
-4
-44
122
-138
402
227
3
-21
-93
44
-196
359
154
0
42
-11
279
-187
189
28
-254
-47
-238
-144
398
-33
-31
-4
-42
443
-161
-168
127
-164
-362
-100
-70
307
-74
-401
-393
184
-211
-128
-7
-42
137
8
-324
-149
-154
363
-138
-163
32
-420
-319
357
-248
93
131
-408
-182
-225
-292
122
-214
56
-95
-142
-237
-160
52
55
18
118
-17
-266
-176
2
-260
101
-82
168
-110
230
260
-526
-416
127
161
2
156
-289
-443
-90
-50
107
-104
201
0
-607
-352
-105
412
-372
-281
164
400
-297
-456
-133
29
46
-291
12
5
-17
99
253
-216
222
-419
-107
29
-792
-133
81
-44
278
-210
-168
32
-65
-11
-169
246
-570
-466
85
101
79
-264
-84
-71
103
-115
-109
36
159
-560
61
-56
-401
-512
133
-38
-383
129
-249
-36
172
263
-256
119
28
54
-124
437
230
-85
789
-361
185
46
13
-498
-30
-93
-209
-177
-178
-598
-271
-20
-120
-609
68
-229
260
-20
-713
-579
-194
-82
-399
-162
169
-125
-292
77
366
-52
431
-96
217
210
79
-587
-171
-109
-214
-455
161
24
257
100
438
-176
364
-38
118
-237
-351
-458
172
-493
-133
-148
223
-121
-194
-388
262
111
76
150
106
332
-155
130
75
-50
207
-241
28
-418
152
-77
268
-19
-12
-347
-55
-79
-159
-282
-191
-18
-343
-38
-121
68
-146
-179
-33
345
-3
-32
255
229
-96
-190
-110
-220
233
-114
-48
29
174
263
16
337
-252
-510
-765
-5
-60
323
571
402
-552
461
124
320
393
-470
-180
248
235
-255
-138
161
387
139
-177
189
78
-160
-379
268
150
93
-316
365
-246
426
-335
-256
-630
-817
212
113
205
272
-132
564
-49
123
-140
18
395
-676
-69
43
105
732
-270
254
347
-267
-463
122
-347
131
-221
152
172
-96
-66
-323
-456
-716
-180
-335
302
-53
-60
-35
182
362
198
374
-225
188
-74
-74
-395
275
-343
20
-40
201
44
67
-142
182
365
54
140
-251
-26
139
-144
-263
-131
39
-229
84
210
74
-147
-295
295
253
12
-294
-37
124
0
-23
-196
178
273
-82
75
120
203
291
59
321
57
-71
-260
127
-251
-261
2
-273
-237
711
419
240
373
-509
76
-10
118
-296
-201
128
61
-138
8
141
201
220
-82
-526
300
225
153
53
59
160
-665
-67
226
265
18
184
-187
376
385
178
218
-289
163
66
434
-322
185
152
-131
-29
31
240
486
141
144
-349
-61
126
-151
-583
-169
-24
-195
20
-111
12
-213
-219
214
-251
46
-221
-215
41
148
33
604
45
-88
100
-424
-378
-501
91
152
-447
-17
70
-253
28
145
-647
-202
-345
-484
-279
-260
-376
-390
-553
-40
-188
-38
-351
-160
50
347
328
-68
216
124
257
-423
-248
-141
-319
141
-254
-236
16
323
153
174
107
30
29
4
-168
75
142
-82
-371
-19
103
-27
144
63
100
-15
115
-37
149
231
189
-113
106
-181
10
209
247
-116
-32
389
-102
-34
71
-3
-30
-97
-127
-188
419
127
-56
-317
324
244
0
-264
-54
-101
278
-199
-181
185
-94
244
-387
-92
117
-124
242
-132
-298
99
-127
-24
-239
209
36
-675
-208
129
360
-14
-148
73
362
95
-165
-346
-402
-129
-188
343
303
-29
-430
-47
-83
37
-78
-115
-7
487
-319
-40
116
431
-172
-3
16
-50
271
106
-59
-395
-149
-24
18
113
-129
-227
12
351
462
576
236
-54
161
8
-348
97
-29
138
-120
88
-84
268
177
650
-106
22
-85
389
487
3
88
33
-286
-264
115
383
311
132
-431
274
403
137
228
65
629
412
-75
55
-39
173
-371
225
66
231
84
146
21
263
8
175
229
102
9
37
-173
-2
-86
117
48
-2
-223
112
11
-22
573
-76
130
-100
104
201
18
106
-2
291
-112
-126
-54
53
-315
792
168
656
-108
185
-116
100
-450
50
-513
3
-47
-318
-233
408
170
-164
404
-74
276
-166
90
229
-73
72
-116
414
234
-221
-315
68
-441
606
-53
229
141
-417
-342
184
-400
95
-457
-468
-396
-436
255
277
221
-264
491
107
281
-301
129
204
-823
-232
6
818
258
-480
-270
-338
-1
94
238
122
-142
11
-216
236
74
-84
-37
-588
-337
-355
187
-131
-9
-142
537
-185
-409
-260
162
242
-737
-270
250
245
260
-188
71
108
459
415
207
105
-31
193
173
1
-66
326
36
-207
81
143
663
-177
65
-26
-8
-15
-40
-112
230
328
-144
-208
422
461
205
-181
-152
276
-55
24
-53
116
295
213
360
-318
-161
46
95
92
-100
-76
92
168
55
-17
-14
-34
111
8
-295
360
-38
-26
121
-47
175
-612
-80
376
-308
271
-122
-356
100
-98
-469
349
-630
-185
-422
83
-331
-387
146
402
264
171
127
-203
-74
111
-109
209
-184
-119
-377
173
294
-510
-644
-10
-862
94
-32
-456
144
-774
-626
382
-780
-295
-405
-766
-67
-553
-3
250
75
-76
405
-755
-275
-218
209
311
-590
-506
-386
249
704
-220
-795
-131
-574
88
94
277
133
-631
-272
108
-8
56
-117
-646
-248
-535
291
-240
-170
-61
358
-233
-332
209
136
420
-530
-388
-28
-255
252
-90
-327
61
36
371
191
205
-88
-86
62
131
22
-56
-15
-411
-390
-125
271
-73
-201
-275
-350
102
-201
69
-135
110
50
-48
-103
139
53
-33
149
76
97
339
-133
-80
181
-109
-143
146
-664
-316
-137
180
-28
58
-485
-50
1
-29
188
-242
303
-164
113
100
87
28
-83
-21
107
-481
45
188
110
245
80
-234
179
-274
-595
246
-784
-137
-498
34
-203
-62
-385
458
277
-38
96
-201
-80
39
-24
219
-175
-10
-374
167
44
94
-22
72
167
183
393
-550
148
-136
-415
130
-269
-226
139
-207
125
144
-292
-161
-75
-275
529
1
91
-77
405
79
67
81
-331
102
238
150
3
-65
-48
148
257
-41
80
-181
-299
147
-152
263
-40
206
496
513
287
-191
-101
39
-130
210
88
100
471
-423
121
-162
161
-140
101
229
231
-98
-332
6
-106
48
182
80
-205
245
-66
-364
89
363
180
94
10
-99
-166
144
-68
338
141
165
-34
85
228
-52
-365
111
-290
-76
-96
316
136
-4
-7
162
205
206
239
267
-234
-1
137
-85
26
-13
-322
-39
-30
145
11
-265
70
-129
-30
-195
231
194
91
50
-100
40
194
212
-136
80
97
-152
-9
-212
-168
441
-279
-109
-33
-24
-70
128
-108
748
233
-79
-45
-120
123
202
96
63
242
150
-302
103
0
115
290
174
170
340
219
-15
438
93
177
41
81
85
-73
477
-8
1
-415
-355
172
-213
-145
109
5
88
-99
227
164
160
85
140
-233
-89
102
385
-56
-316
-221
-179
55
-373
-185
-350
-379
-123
104
-204
-145
473
1
-44
388
-71
8
41
-120
-318
136
-517
104
56
7
1
-144
-79
-145
-33
-88
89
104
-247
-295
-19
-94
214
-469
-219
329
-155
114
-105
-166
-132
-150
15
184
-31
-427
-66
176
137
-111
-31
-119
20
13
-269
-114
0
-208
-167
99
26
52
70
-87
-14
-38
141
-31
-218
-64
87
-37
-35
31
46
205
-259
-176
-206
-148
-82
-66
-127
202
-346
-2
-332
-189
56
-199
642
378
-232
-21
-87
-3
22
-280
50
-11
195
-292
-441
-86
-113
-59
70
159
-428
133
-355
-143
386
-148
9
158
392
-549
-149
47
190
-110
144
205
185
308
282
272
-609
-401
-31
180
232
53
-116
-73
-487
78
-343
53
-57
-12
-181
-335
120
-129
-199
-137
422
-101
6
45
237
-339
-211
-131
12
58
232
11
-743
-339
5
-111
140
-207
153
18
62
-147
150
-64
-56
243
-268
-501
-31
220
308
10
69
19
43
172
256
-199
-38
-176
194
3
-126
278
-203
83
-337
-39
-64
-101
186
-142
-51
-68
-191
-7
133
30
96
-143
47
-12
257
0
170
0
0
0
0
0
0
0
0
0
0
0
0
0
0
0
0
0
0
0
0
0
0
0
0
0
0
0
0
0
0
0
0
0
0
0
0
0
0
0
0
0
0
0
0
0
0
0
0
0
0
0
0
0
0
0
0
0
0
0
0
0
0
0
0
0
0
0
0
0
0
0
0
0
0
0
0
0
0
0
0
0
0
0
0
0
0
0
0
0
0
0
0
0
0
0
0
0
0
0
0
0
0
0
0
0
0
0
0
0
0
0
0
0
0
0
0
0
0
0
0
0
0
0
0
0
0
0
0
0
0
0
0
0
0
0
0
0
0
0
0
0
0
0
0
0
0
0
0
0
0
0
0
0
0
0
0
0
0
0
0
0
0
0
0
0
0
0
0
0
0
0
0
0
0
0
0
0
0
0
0
0
0
0
0
0
0
0
0
0
0
0
0
0
0
0
0
0
0
0
0
0
0
0
0
0
0
0
0
0
0
0
0
0
0
0
0
0
0
0
0
0
0
0
0
0
0
0
0
0
0
0
0
0
0
0
0
0
0
0
0
0
0
0
0
0
0
0
0
0
0
0
0
0
0
0
0
0
0
0
0
0
0
0
0
0
0
0
0
0
0
0
0
0
0
0
0
0
0
0
0
0
0
0
0
0
0
0
0
0
0
0
0
0
0
0
0
0
0
0
0
0
0
0
0
0
0
0
0
0
0
0
0
0
0
0
0
0
0
0
0
0
0
0
0
0
0
0
0
0
0
0
0
0
0
0
0
0
0
0
0
0
0
0
0
0
0
0
0
0
0
0
0
0
0
0
0
0
0
0
0
0
0
0
0
0
0
0
0
0
0
0
0
0
0
0
0
0
0
0
0
0
0
0
0
0
0
0
0
0
0
0
0
0
0
0
0
0
0
0
0
0
0
0
0
0
0
0
0
0
0
0
0
0
0
0
0
0
0
0
0
0
0
0
0
0
0
0
0
0
0
0
0
0
0
0
0
0
0
0
0
0
0
0
0
0
0
0
0
0
0
0
0
0
0
0
0
0
0
0
0
0
0
0
0
0
0
0
0
0
0
0
0
0
0
0
0
0
0
0
0
0
0
0
0
0
0
0
0
0
0
0
0
0
0
0
0
0
0
0
0
0
0
0
0
0
0
0
0
0
0
0
0
0
0
0
0
0
0
0
0
0
0
0
0
0
0
0
0
0
0
0
0
0
0
0
0
0
0
0
0
0
0
0
0
0
0
0
0
0
0
0
0
0
0
0
0
0
0
0
0
0
0
0
0
0
0
0
0
0
0
0
0
0
0
0
0
0
0
0
0
0
0
0
0
0
0
0
0
0
0
0
0
0
0
0
0
0
0
0
0
0
0
0
0
0
0
0
0
0
0
0
0
0
0
0
0
0
0
0
0
0
0
0
0
0
0
0
0
0
0
0
0
0
0
0
0
0
0
0
0
0
0
0
0
0
0
0
0
0
0
0
0
0
0
0
0
0
0
0
0
0
0
0
0
0
0
0
0
0
0
0
0
0
0
0
0
0
0
0
0
0
0
0
0
0
0
0
0
0
0
0
0
0
0
0
0
0
0
0
0
0
0
0
0
0
0
0
0
0
0
0
0
0
0
0
0
0
0
0
0
0
0
0
0
0
0
0
0
0
0
0
0
0
0
0
0
0
0
0
0
0
0
0
0
0
0
0
0
0
0
0
0
0
0
0
0
0
0
0
0
0
0
0
0
0
0
0
0
0
0
0
0
0
0
0
0
0
0
0
0
0
0
0
0
0
0
0
0
0
0
0
0
0
0
0
0
0
0
0
0
-165
-156
60
58
93
82
3
204
62
156
-48
-503
-245
5
-141
44
-175
-154
-304
-6
-27
-103
41
24
142
-282
-235
-142
-100
31
-63
140
-128
-389
173
-23
-353
102
-24
147
186
209
19
41
-132
-28
-293
132
-198
-124
23
83
-41
-89
85
25
223
-234
-162
208
-189
-6
146
110
122
-318
-63
134
-297
52
119
217
344
185
-12
42
110
1
-345
-80
-187
-121
12
348
92
87
185
109
294
-157
-65
-69
-314
281
45
175
31
-243
-133
160
-56
201
325
333
-11
10
-180
-79
37
-4
-231
-375
30
-104
90
174
23
-44
220
-324
336
-156
-40
257
-147
57
42
371
162
-158
-85
56
140
147
282
-224
-83
1
29
-128
-100
199
36
-150
14
128
258
53
308
-184
17
-127
-97
-56
121
-54
-66
-11
231
205
48
-386
-135
-150
-262
-244
-111
138
169
-229
104
-296
-460
-191
-31
99
-221
-150
4
-14
-6
70
-209
-323
-160
-223
-441
-251
-215
-201
-57
-287
69
-256
43
676
-57
-192
-357
55
303
-141
-92
157
-368
-168
-161
95
-320
-375
-224
-16
-255
210
-90
-154
-97
-331
-44
171
103
336
-431
-166
350
35
-307
203
-343
185
-13
145
134
-248
-282
528
-390
-349
-221
-334
33
-26
54
161
-130
380
-54
-105
-58
135
80
212
-20
-154
-732
98
-48
34
-320
132
-713
224
298
528
225
-547
-128
-296
-53
59
-228
-409
-218
-383
379
128
128
20
266
22
-87
-188
-246
88
-484
-575
-115
-46
-398
-421
-469
-12
-531
93
-169
-6
-99
-601
-199
-418
-371
88
-208
-712
-678
-198
49
-83
-241
-297
16
-196
-87
-200
-349
-106
-367
-252
-83
-22
290
-188
-148
-251
-299
-229
-79
-202
-8
-383
-219
121
-471
-364
-346
-230
-73
-159
-256
-165
-120
-15
-72
-96
-145
-109
131
39
-196
-295
-262
-436
371
101
241
51
101
-186
-48
-19
188
61
37
297
-43
-80
-187
62
-165
164
-430
9
106
-113
-10
-92
-70
-96
271
272
8
76
24
149
277
227
237
-188
148
102
215
-554
108
260
296
-61
-91
143
216
442
340
561
-435
-277
474
67
423
-73
-47
183
558
-149
132
-92
165
203
387
-114
131
69
-326
408
428
-202
18
-572
-491
-181
-342
-38
-758
-118
112
129
-318
314
391
-221
416
-78
197
-326
385
-293
-321
93
-247
238
278
-462
-248
-1
-282
93
-160
94
-94
-135
-356
-86
-189
-516
-147
-166
-333
-60
8
62
410
-463
287
-30
-305
58
-30
39
-343
-259
3
-217
66
-144
0
-11
227
50
19
99
197
182
33
39
-326
-163
-101
-70
23
101
20
-64
-73
66
155
-170
-110
-67
121
-106
216
39
-93
171
-47
-248
72
430
102
397
-12
-277
288
89
-209
135
-350
-40
-37
304
-104
469
-271
54
199
-18
-229
-143
-46
42
-77
30
77
228
239
112
-505
-39
317
313
381
277
48
401
223
320
246
-96
-31
511
24
147
-33
471
-46
-165
401
110
33
-531
-103
205
-275
169
283
-151
424
431
764
-481
-213
466
-20
268
-114
-467
333
7
-33
-303
-142
479
-590
-136
-222
506
487
202
264
-277
196
-251
28
-181
-261
-759
-20
102
236
312
966
30
25
141
255
-46
-145
-107
-89
622
97
501
178
76
80
116
-93
323
-219
-176
13
116
-6
-7
-195
480
555
67
-1
-129
175
20
118
250
-78
-258
96
-134
0
242
-44
170
-83
287
259
56
168
-204
73
35
169
1
34
170
-110
43
-162
264
-25
22
118
-114
271
-269
468
-172
-160
-6
70
259
421
-346
-87
148
257
61
340
267
41
216
-147
-287
570
-271
-131
1
-194
-77
-157
306
-2
38
-124
-55
227
277
-259
-207
174
-179
-56
0
-33
641
-182
-69
495
-583
98
396
-49
51
-216
-276
475
-217
152
-69
355
-103
-319
12
-313
127
-348
-232
447
25
102
201
260
507
-79
-26
-509
241
316
251
421
-423
69
-126
56
459
-16
234
-220
249
272
-30
-148
-233
338
103
-250
-205
-102
18
114
-87
-63
723
478
482
171
1
-125
382
245
819
974
-91
599
349
461
754
327
316
-315
369
22
-398
-23
240
290
640
-125
8
462
557
197
37
-193
-48
-76
20
-121
-90
-10
-29
41
-95
-41
-67
-368
10
-98
-43
-57
-119
-209
-49
-18
-122
34
-147
-57
-191
-12
-138
-31
46
-3
-55
70
39
-39
-239
-143
47
155
-474
-87
-316
-380
-94
7
-14
-270
-225
35
-213
27
-91
-236
-44
73
-148
-155
-179
301
101
-5
-33
-127
155
183
-202
-76
-43
-129
-71
226
-131
-363
-394
-485
217
56
21
-215
-286
-241
-117
-56
-222
-157
-228
-155
182
-238
-35
-15
121
-310
236
37
-28
189
133
-5
97
-165
-31
54
-125
-53
47
-139
184
208
-71
-165
11
31
79
-42
106
131
208
-283
84
67
0
318
307
-332
87
314
125
168
130
-257
-15
-72
-12
-1
109
21
184
-71
404
15
103
-47
-287
195
341
-73
53
8
-11
-46
-185
-175
210
212
151
494
-322
114
36
34
-416
-276
286
-451
26
-68
-221
-26
-499
-515
-84
-282
-118
-308
-50
-192
-168
274
-151
42
113
-97
-212
-77
-113
-39
-184
-102
96
-234
19
-66
-463
-396
541
-139
221
160
-159
397
-104
-309
-22
-82
-26
-171
73
-168
9
-128
64
-136
383
249
-74
177
-147
-119
34
-79
103
-213
150
244
-603
-461
511
-151
376
371
283
114
-80
-271
98
-339
290
-221
-373
-98
-105
41
435
73
164
118
-205
129
-168
-77
385
-183
-63
38
193
-443
-37
-23
432
-22
219
-135
-109
431
52
336
-431
-295
420
-152
-231
-392
-51
-75
367
370
-474
136
144
108
-223
-125
-19
-49
152
373
-224
-187
-48
-153
301
207
144
-443
122
208
618
694
-227
-46
204
470
135
-163
86
-294
613
318
-481
342
-225
349
73
38
216
199
211
366
127
341
-73
41
235
-145
49
86
-193
-82
-330
-387
214
-203
-253
3
-258
-203
-63
-243
18
-104
204
-159
43
65
-70
24
316
-65
282
-397
-99
50
349
248
514
82
-226
-231
-142
9
192
-47
-223
-10
-361
387
-81
282
118
-313
-53
428
196
-443
359
209
279
-78
159
190
394
78
28
-232
461
-11
184
119
-258
-674
393
-158
272
-40
-251
398
184
67
255
222
448
-143
335
221
263
-396
129
19
333
-702
-443
410
50
397
-265
262
-270
52
-20
-296
152
-428
354
287
-146
84
-248
-76
-255
-338
-98
174
-184
-273
-37
-159
48
-24
-26
-168
-39
-312
396
-120
-367
-135
-87
75
-235
-114
256
235
592
-185
-187
486
356
229
176
166
-495
-158
44
-225
-124
-442
203
237
-276
439
-204
291
-129
-100
310
-168
-19
277
230
176
284
316
370
224
175
165
-235
31
-108
-123
231
59
-135
100
317
-6
-4
-346
-75
54
-136
-12
107
81
6
335
-201
126
230
51
84
-45
657
494
105
538
-280
-290
-177
-303
163
198
30
346
-10
707
409
344
208
-303
-288
448
49
-101
271
128
525
-136
-359
160
129
877
-427
-104
116
282
-305
156
-178
-180
213
-461
332
292
90
297
-148
458
341
325
-37
-265
-249
3
471
48
104
-352
383
-132
93
273
-20
287
-49
-19
-128
-166
-165
-96
120
193
-158
-220
142
186
-133
-473
-115
-284
235
-128
-658
-97
-314
-119
135
-89
-223
-6
0
-370
-156
-223
122
78
70
-65
34
-257
293
-119
148
6
-479
397
441
242
-101
156
-179
17
325
-226
-169
9
40
26
-343
-15
-340
263
-169
38
-56
-126
204
-14
147
-101
-49
-84
147
217
165
37
-15
66
175
128
-73
-206
133
16
-125
3
235
128
-99
-43
-24
391
-18
227
-176
154
169
13
93
-61
-58
123
335
201
-25
145
-151
1
-368
-278
166
-172
291
315
296
80
57
216
258
238
287
290
125
11
248
58
143
117
-196
180
29
162
-70
217
190
-256
-269
-301
-17
337
255
-113
-161
25
193
145
313
-28
-131
337
-54
305
-132
-4
-39
-121
384
-200
9
-133
-201
159
118
60
-57
25
98
-25
58
-215
-29
-236
206
-15
-122
-18
-48
-311
-297
-358
363
-43
-23
-131
-70
-43
-137
-163
-41
16
136
-26
-76
-226
95
-265
-66
-63
132
77
414
-351
-114
-79
10
661
179
272
101
67
-247
-118
315
106
47
-223
72
-91
192
33
15
348
190
4
1
176
174
-396
110
0
0
0
0
0
0
0
0
0
0
0
0
0
0
0
0
0
0
0
0
0
0
0
0
0
0
0
0
0
0
0
0
0
0
0
0
0
0
0
0
0
0
0
0
0
0
0
0
0
0
0
0
0
0
0
0
0
0
0
0
0
0
0
0
0
0
0
0
0
0
0
0
0
0
0
0
0
0
0
0
0
0
0
0
0
0
0
0
0
0
0
0
0
0
0
0
0
0
0
0
0
0
0
0
0
0
0
0
0
0
0
0
0
0
0
0
0
0
0
0
0
0
0
0
0
0
0
0
0
0
0
0
0
0
0
0
0
0
0
0
0
0
0
0
0
0
0
0
0
0
0
0
0
0
0
0
0
0
0
0
0
0
0
0
0
0
0
0
0
0
0
0
0
0
0
0
0
0
0
0
0
0
0
0
0
0
0
0
0
0
0
0
0
0
0
0
0
0
0
0
0
0
0
0
0
0
0
0
0
0
0
0
0
0
0
0
0
0
0
0
0
0
0
0
0
0
0
0
0
0
0
0
0
0
0
0
0
0
0
0
0
0
0
0
0
0
0
0
0
0
0
0
0
0
0
0
0
0
0
0
0
0
0
0
0
0
0
0
0
0
0
0
0
0
0
0
0
0
0
0
0
0
0
0
0
0
0
0
0
0
0
0
0
0
0
0
0
0
0
0
0
0
0
0
0
0
0
0
0
0
0
0
0
0
0
0
0
0
0
0
0
0
0
0
0
0
0
0
0
0
0
0
0
0
0
0
0
0
0
0
0
0
0
0
0
0
0
0
0
0
0
0
0
0
0
0
0
0
0
0
0
0
0
0
0
0
0
0
0
0
0
0
0
0
0
0
0
0
0
0
0
0
0
0
0
0
0
0
0
0
0
0
0
0
0
0
0
0
0
0
0
0
0
0
0
0
0
0
0
0
0
0
0
0
0
0
0
0
0
0
0
0
0
0
0
0
0
0
0
0
0
0
0
0
0
0
0
0
0
0
0
0
0
0
0
0
0
0
0
0
0
0
0
0
0
0
0
0
0
0
0
0
0
0
0
0
0
0
0
0
0
0
0
0
0
0
0
0
0
0
0
0
0
0
0
0
0
0
0
0
0
0
0
0
0
0
0
0
0
0
0
0
0
0
0
0
0
0
0
0
0
0
0
0
0
0
0
0
0
0
0
0
0
0
0
0
0
0
0
0
0
0
0
0
0
0
0
0
0
0
0
0
0
0
0
0
0
0
0
0
0
0
0
0
0
0
0
0
0
0
0
0
0
0
0
0
0
0
0
0
0
0
0
0
0
0
0
0
0
0
0
0
0
0
0
0
0
0
0
0
0
0
0
0
0
0
0
0
0
0
0
0
0
0
0
0
0
0
0
0
0
0
0
0
0
0
0
0
0
0
0
0
0
0
0
0
0
0
0
0
0
0
0
0
0
0
0
0
0
0
0
0
0
0
0
0
0
0
0
0
0
0
0
0
0
0
0
0
0
0
0
0
0
0
0
0
0
0
0
0
0
0
0
0
0
0
0
0
0
0
0
0
0
0
0
0
0
0
0
0
0
0
0
0
0
0
0
0
0
0
0
0
0
0
0
0
0
0
0
0
0
0
0
0
0
0
0
0
0
0
0
0
0
0
0
0
0
0
0
0
0
0
0
0
0
0
0
0
0
0
0
0
0
0
0
0
0
0
0
0
0
0
0
0
0
0
0
0
0
0
0
0
0
0
0
0
0
0
0
0
0
0
0
0
0
0
0
0
0
0
0
0
0
0
0
0
0
0
0
0
0
0
0
0
0
0
0
0
0
0
145
59
-12
142
31
-1
8
252
246
33
147
81
38
-10
122
17
227
206
23
-39
-66
241
48
-35
-4
75
213
33
145
164
30
131
-27
-134
139
16
-353
-93
243
336
-17
199
395
108
-45
-14
233
30
16
64
20
-81
-254
164
21
44
-84
35
235
120
-90
95
148
-145
10
-87
527
179
-147
-188
-33
375
-46
350
307
188
274
-60
149
202
70
-52
-231
156
-6
-14
-99
148
392
-27
159
-212
-71
211
-348
-178
-151
15
-104
239
-618
93
-415
449
358
-115
-143
-137
-152
-355
-45
266
-76
-200
-723
268
-109
-156
324
376
297
-48
146
-193
-260
-27
-348
201
-332
3
-92
29
-743
143
-248
235
-64
-155
-304
-61
-403
-440
2
213
-33
-331
-658
454
-223
173
136
157
284
-178
-59
108
6
231
-697
146
232
234
-1
-53
237
-248
82
21
-80
323
24
147
231
200
311
64
-144
343
463
18
84
-10
85
-3
30
50
151
-11
33
-55
332
26
-55
54
121
-381
58
-142
248
240
-114
-32
29
-1
159
-48
-52
91
-224
-19
65
-180
-252
70
-132
278
-364
73
261
-7
201
14
-326
-206
-204
33
34
-135
-218
-577
266
30
292
-45
-175
102
103
-486
-64
-220
-77
34
50
-107
-373
228
-109
225
207
-62
-24
-357
188
305
-512
-50
-412
-205
-98
438
-863
112
53
-321
599
-224
-845
546
-608
-704
-309
-164
-350
-116
-345
410
59
432
386
-95
237
-320
-252
346
33
-163
-808
132
-470
-217
-78
213
-615
740
448
-136
599
-138
-653
263
-453
-562
-287
-134
-325
-205
-326
414
208
600
489
0
590
-199
-110
458
42
148
-329
891
384
171
-163
27
-79
-137
75
145
-188
201
307
396
169
-139
280
11
20
-326
107
-65
-11
-101
109
113
86
152
561
86
-200
71
101
84
168
44
19
-3
-38
-49
415
-82
-93
174
-42
573
-305
-322
27
-33
38
-264
-402
-88
-214
-14
2
98
-225
-46
276
128
-195
-5
-395
-89
-437
-90
-6
87
-67
-52
230
-496
-254
-155
-308
87
-299
-431
6
72
213
-332
-19
-4
-201
71
-436
159
377
-384
-75
-131
345
583
-487
-104
144
-160
-162
521
153
141
332
-399
-47
-225
-362
47
-535
182
-40
-323
-144
-325
148
85
356
167
-39
-214
-85
-113
63
483
74
550
24
116
92
-113
-348
587
335
391
439
-55
378
-291
-552
-39
-173
180
-35
-37
-248
-175
607
60
-49
110
-2
-174
-30
92
93
483
119
-107
125
132
192
-415
111
241
10
104
186
-274
207
-128
-118
13
-192
-312
71
144
46
223
-191
-101
-31
-68
118
20
35
43
370
213
191
67
-95
157
359
-262
-117
82
120
407
225
-302
-230
-31
146
286
129
184
-80
84
-208
-288
-9
1
77
-152
-169
-143
-76
-293
317
309
-88
122
12
93
-53
-206
39
238
-100
-166
65
-338
-98
-122
155
149
157
-152
-68
346
-172
-198
97
315
154
290
-340
82
364
-33
152
-46
-99
220
-329
141
256
157
159
-198
-98
-290
-224
221
-367
-108
-299
220
131
-130
40
-9
-32
-377
-146
248
-169
189
-152
158
322
91
-76
269
229
409
-426
-133
-227
112
191
53
-91
-1
84
12
257
-190
-173
40
-271
-219
75
318
38
-104
-308
230
-283
55
-20
301
312
208
185
127
102
50
-333
280
35
269
43
385
281
156
65
-273
215
365
-58
-254
-197
49
-69
134
71
224
-61
219
66
36
363
-188
294
-10
-55
115
338
450
-230
91
-302
88
-80
367
-4
87
22
-115
116
238
-377
-70
-683
-327
-50
-302
73
165
-5
550
-48
200
-41
70
123
61
-49
98
24
100
-185
102
-4
95
-122
-33
116
-145
5
-258
181
-78
-59
379
328
-201
95
-219
49
249
287
308
-14
288
-205
-28
112
-28
59
-228
143
199
213
-105
229
24
228
-143
396
168
260
-299
-306
361
43
334
360
52
168
189
228
189
507
-53
-246
273
-117
300
268
317
292
-27
366
207
-76
-14
166
-44
-210
-45
19
216
208
398
193
-178
-40
216
299
65
-39
-254
325
71
-2
135
350
222
56
260
253
260
173
73
254
137
173
231
4
223
194
-23
309
110
-9
515
-85
318
145
-234
2
-18
111
125
-21
-14
-111
170
50
-74
-23
230
117
238
-146
-274
-82
-46
27
181
-228
189
98
-92
166
201
-80
810
-252
218
327
-339
39
-147
75
192
-7
-378
-363
320
-147
-343
798
294
470
-18
-377
-88
-201
-92
37
221
-344
-12
-228
-63
-245
828
125
561
391
594
209
-437
34
-180
-290
-34
2
-356
-475
644
256
-434
605
19
550
98
-329
23
-349
-62
-135
660
-25
-105
66
-96
-186
-35
56
-121
205
117
-140
34
-104
-84
-202
-179
-247
-126
-22
10
406
-270
344
24
224
48
38
85
-252
-209
-141
319
82
-253
-151
-18
-237
147
374
-39
102
-63
-77
-55
235
-151
119
-129
39
-23
34
-453
-15
211
209
-177
-22
90
204
245
68
-2
-57
278
-113
463
165
-182
142
4
-98
348
-30
239
84
-652
225
-11
-85
280
149
-94
-192
155
42
-143
-431
409
232
39
-197
-60
-4
-88
-159
-22
-373
159
131
-463
63
162
-223
747
368
274
514
-67
36
-207
-316
116
308
197
-447
588
538
-105
306
160
223
-139
-53
-76
-356
-337
186
-183
-166
-142
-239
-55
111
9
50
697
218
384
300
-175
453
-57
-372
-26
-237
84
-222
602
758
-5
666
-492
-100
-201
178
189
-94
-184
350
256
383
-324
-48
529
91
283
-119
-446
388
329
-24
-134
100
301
-372
-45
-72
-180
-398
-26
307
70
842
-151
-42
-54
-241
311
-157
27
-144
513
925
-188
-238
100
-32
517
544
-181
30
-255
-552
135
43
297
-236
-616
141
67
156
-74
37
-275
187
-300
-617
0
369
287
-493
-251
168
480
208
82
159
-847
278
-220
163
70
-308
199
124
297
227
-30
341
-139
162
448
62
-150
-76
-222
-56
-226
-310
136
164
-362
116
-625
256
-247
315
-65
17
-2
162
102
137
-414
-416
44
239
4
321
311
57
88
95
-171
360
-291
-66
-147
-143
-41
-430
-14
354
-237
-34
-100
-80
-126
47
-169
58
255
-21
284
-219
332
-161
16
-209
-161
227
270
-360
-178
219
-332
499
-83
169
-359
428
-122
-425
185
-249
327
57
-121
-46
121
-40
125
-137
527
413
138
-138
-531
623
355
-250
174
-249
-11
-253
-18
135
333
-320
38
252
109
279
-123
238
327
-316
574
-20
-300
410
196
196
470
-125
242
151
405
259
-76
-41
418
-102
213
-199
263
167
311
527
293
410
157
166
-134
-162
111
210
322
-192
-91
216
101
140
207
-99
-23
-38
-223
187
157
96
148
-472
6
246
185
465
361
83
-488
-26
197
379
-106
-60
-48
170
-458
-272
-6
130
-200
38
-245
17
-57
190
54
-210
-243
135
77
222
251
-159
299
56
136
303
232
127
-255
-255
67
120
-195
-169
-48
215
-233
-359
-3
94
-126
-80
-186
-167
331
621
69
207
-245
-53
159
-357
183
-336
-4
31
189
-317
-169
-66
290
35
-182
-94
-234
-24
-352
285
-248
172
251
-145
-60
76
-297
-147
66
216
296
499
240
473
-142
121
-328
137
-8
194
-34
-46
-40
184
184
470
264
-125
-169
82
-161
-195
-180
-428
46
56
182
332
31
245
4
6
624
305
273
405
181
-100
-134
-155
16
365
127
334
494
446
290
339
303
203
40
436
-17
-65
-273
-531
185
91
-283
236
-86
639
374
-318
-328
-140
-237
-364
-18
-144
-65
-159
-384
231
316
361
172
44
22
-68
-127
152
11
35
-55
-381
-129
-80
-87
-181
-132
-125
-126
142
-58
45
-736
-312
-291
-802
419
111
-140
-27
-182
-290
143
-16
254
-50
-96
-404
-751
35
-229
-57
-3
183
-423
-288
-246
190
277
-650
-60
-249
180
-324
-891
-122
224
-351
273
187
315
179
6
-56
-549
-506
-85
-173
215
-227
-397
203
-113
120
-344
90
-384
14
-542
-79
155
-413
-172
-652
370
-67
-524
198
461
-332
67
-28
510
286
-6
-148
-831
-526
-99
170
-55
-470
33
-224
-88
-129
-196
-170
-334
-58
-303
-387
200
-215
89
-158
180
-75
-72
64
70
136
-143
-355
7
-429
276
441
-577
-179
-112
122
247
-293
-118
233
-486
46
-720
-45
-245
-83
-271
-163
-183
-490
179
188
-343
4
-10
-101
-25
-52
-42
-46
-95
39
135
6
-165
-235
-9
0
-24
131
-30
164
-41
-57
-83
-88
-152
-55
-26
-15
-140
202
15
41
-112
231
184
225
315
146
33
29
-358
462
443
174
-199
39
-115
26
386
164
161
338
-2
20
-189
163
108
387
-140
-124
-124
-154
246
113
170
-170
117
341
-39
158
103
32
441
-21
128
-170
264
146
-238
-221
-3
-259
123
157
514
347
215
192
58
194
22
221
-218
-3
-90
-19
-158
81
90
176
113
58
142
-64
9
26
60
221
72
-179
24
78
272
-4
50
-6
163
-171
46
60
-224
111
-74
-25
20
-182
110
-218
178
-391
8
81
-18
-12
-75
20
-419
-27
-17
-356
-304
-332
245
55
-77
-59
-127
21
208
511
-5
38
-86
94
-351
45
-119
132
96
-104
-119
-410
-665
-185
-241
-131
-185
-167
-193
58
-89
-166
-214
-414
47
-198
-260
-267
-131
113
-72
-218
-221
-88
-638
-286
-267
110
-43
-175
-300
-128
-391
-22
-444
65
-361
-5
-315
-310
286
79
285
220
-181
-22
187
-37
2
-195
156
184
-171
-314
-249
94
-397
-643
-446
-208
54
-197
-717
-135
-174
284
-172
-152
-149
56
-254
-148
23
-504
-20
88
124
361
317
306
-133
-357
158
688
-36
158
10
78
-49
-305
-233
-192
207
126
-34
212
100
-238
147
-17
-78
102
-308
-178
477
-357
-16
78
-253
283
132
267
-141
-341
27
409
-202
-581
-169
106
-126
-224
229
-328
-37
137
31
62
-312
-66
-403
-235
74
314
-123
-207
-259
-348
128
190
-367
-258
91
-211
-57
-452
-129
92
-233
-60
-330
-383
-60
-205
-228
-400
-191
89
-161
153
-80
-90
-151
-247
-418
11
-637
-251
116
-311
168
417
-252
724
-130
62
-439
165
246
247
-126
-168
-148
235
49
-387
188
-259
-271
-342
-585
155
-356
218
-556
-699
-177
-21
-337
49
1106
-332
253
646
-106
486
167
-322
-919
-337
68
315
-160
-322
-420
417
-309
-462
-271
137
57
-187
-312
9
-283
566
-82
-164
-77
57
83
32
-283
-209
549
346
618
654
75
144
-31
-142
163
469
-161
-36
-5
440
-74
-149
350
407
190
-251
-119
45
281
252
101
-62
-754
-9
-321
-229
584
-473
-212
483
-284
819
206
-33
266
9
-370
143
-334
-342
-193
298
220
-193
409
36
-452
8
-25
258
-107
448
-124
53
-209
-189
-255
-448
71
-299
-134
132
-436
510
-85
-76
-80
58
-517
-165
-279
-250
-339
-104
440
-72
389
-416
-498
-328
-473
-14
-251
104
478
121
-587
31
-462
-266
381
-40
154
6
-292
735
-57
-343
-60
198
-148
148
281
-57
-305
237
480
105
287
86
-281
-296
-212
56
-203
-138
-59
-200
-367
-64
-403
-672
981
-243
-62
516
-374
500
-3
-333
-546
-112
-208
-361
267
-202
-197
-140
323
-18
-86
-240
-322
-315
-191
-173
-341
-89
-89
-208
281
160
159
208
189
460
144
332
63
195
133
202
-3
-152
43
135
-112
-5
-219
-145
276
400
-148
85
436
-178
35
120
134
20
201
149
-211
239
-25
288
144
-218
279
182
184
197
-159
-100
86
204
-475
-72
363
-457
-82
247
535
57
268
-223
-25
-396
-39
-239
261
119
-112
301
-77
-386
-39
-78
162
-354
373
-111
175
-103
-503
-92
-1
-166
29
-407
-151
208
-290
-71
7
177
77
190
-72
-231
184
-260
-254
128
110
178
98
147
-120
82
151
88
197
171
-134
529
156
187
84
220
75
179
-23
-212
-147
142
-139
-202
302
111
-86
165
-419
134
-147
404
-56
56
84
123
-629
-188
-10
-19
132
208
-140
497
510
-223
-218
96
428
779
-130
-84
-71
-42
262
239
172
-62
-527
65
-208
-44
-536
399
-130
126
-775
127
-278
238
-386
-558
-70
17
370
544
70
9
81
209
256
-139
-253
-107
258
-376
68
250
363
413
-346
189
323
276
-542
90
4
131
-496
107
8
333
49
-388
183
283
79
474
-192
-159
396
81
200
209
-60
22
7
74
170
87
177
382
-245
343
115
-73
-182
181
41
87
-92
-255
-129
-120
75
297
153
-205
155
0
145
-329
357
114
132
-14
81
-62
45
100
420
31
312
376
232
100
-116
-33
-122
-128
99
-68
-79
-108
-55
-8
-43
-120
-222
-151
-180
152
-5
-76
-24
-61
-131
8
49
61
-93
50
-2
-48
8
-247
8
-50
-59
-30
-173
-59
122
-226
54
-405
40
-64
-138
187
-708
-224
119
-334
136
-119
-320
-83
-229
25
-100
54
-164
-480
-251
-273
133
-84
18
-74
-230
-84
139
11
-79
-130
14
205
-32
-197
-579
-186
-517
-172
155
-51
232
-81
-411
-192
235
138
-313
-4
-340
-561
-135
-204
-82
35
155
-69
-255
346
-155
255
182
212
-80
602
-317
-7
-287
-290
-77
230
302
32
271
100
120
-40
240
-55
-224
-28
-166
-828
-28
-148
-129
-155
41
147
339
370
-368
277
-263
-142
-94
748
-151
-51
-174
11
212
150
-25
240
339
195
-137
160
379
484
-246
189
-128
-363
-218
-127
-65
-133
-267
345
-70
481
3
-80
-126
103
10
-376
448
-35
-95
335
-341
-431
120
-226
-113
-308
144
178
-191
-241
166
132
-32
172
130
215
-99
258
93
14
100
-418
250
518
93
385
415
-333
337
-134
-394
120
-729
-669
-48
-123
146
-414
-58
28
195
-32
281
269
40
255
51
171
166
52
220
13
-25
-126
490
635
355
190
62
407
609
353
594
-303
-291
32
-52
195
462
-84
349
200
306
-19
292
183
-253
-48
103
214
146
-335
115
-119
55
342
29
405
535
322
-256
495
-355
121
419
-422
360
416
-393
330
295
227
572
124
367
-48
-484
-417
-128
-534
434
4
456
-154
-440
137
238
67
-461
420
392
99
-197
321
-712
-371
342
-174
483
691
-526
611
531
217
216
380
-51
-111
-48
-107
-838
-395
237
-78
430
-42
-442
106
-152
296
-468
134
-29
94
450
103
287
-92
-479
574
-274
-351
-414
-245
-79
1
288
10
45
-235
401
210
205
64
57
78
-110
-185
171
222
241
-49
286
-27
-39
-248
691
146
288
-12
161
296
8
-130
-79
-399
440
-246
135
-28
-170
168
548
363
40
222
-187
408
-33
67
316
52
82
26
584
-240
-101
-61
20
175
361
-56
539
122
-7
87
-312
-300
-213
100
18
-215
243
-5
488
335
-433
631
114
-23
-107
-218
103
-183
-204
125
51
-39
-212
99
-406
-19
52
-214
490
-60
-32
697
-491
351
78
-466
-119
-128
-391
-83
-179
-713
-46
32
259
-238
-339
-354
3
91
-471
33
72
-48
-321
133
-291
-319
100
-511
-114
129
727
590
-190
363
-453
-61
414
-63
190
-716
-40
-6
31
500
93
-39
-143
-251
315
-387
-123
-194
-34
-302
138
-89
80
-142
89
126
-51
233
72
118
-202
-247
171
-132
250
-34
-262
74
-44
79
-16
-64
25
-69
-252
118
115
-65
70
167
241
-263
-109
158
56
306
235
-290
432
20
-110
241
-683
18
268
-2
-29
-394
48
371
-65
168
-134
-97
34
189
-279
-604
-466
17
91
97
-81
-39
-127
-462
-277
-150
162
-33
289
-392
-26
-26
19
-162
-402
79
-149
-216
-158
60
27
87
113
292
-258
-432
-38
-214
359
-300
-140
-149
119
87
-296
-44
-68
139
166
-172
276
228
222
-169
-257
69
-275
-145
77
-203
7
-291
85
-95
-431
100
-156
272
-31
-201
291
109
-184
-129
6
-189
-166
-52
-315
-29
-223
233
-18
282
-114
-344
-46
-401
-91
-384
-98
-387
-161
-256
-160
-217
-132
-165
-40
147
-201
170
389
-88
-59
-260
82
19
-139
-237
-178
-153
68
-166
-129
-121
-8
175
-61
-83
-54
30
-103
-146
-106
30
-140
-37
11
-178
-35
122
-141
-507
-140
-165
-134
25
175
334
119
148
-395
-83
-40
-15
98
-14
43
6
45
186
261
-14
-60
33
-30
37
19
248
-30
10
-53
181
30
14
71
-30
-53
-121
-66
262
126
193
-510
204
117
214
-6
-59
-41
-187
120
9
-189
-124
155
162
-46
37
232
180
-65
11
246
97
183
-100
231
5
-16
-105
115
271
-103
-379
-257
284
227
115
-329
-232
93
-1
149
367
-77
-223
-249
-12
82
210
-279
-26
-69
-544
6
-302
125
86
23
-163
-107
118
206
61
-380
-410
-436
-195
-300
157
-590
-46
101
-7
151
-269
74
-168
-238
-190
-160
224
-425
-117
-69
-84
-96
-282
-232
19
-112
-63
-219
29
-181
-52
-208
0
-110
209
134
19
290
-6
185
46
-320
-154
18
-106
-12
-49
-89
-47
74
15
-129
139
49
-22
-277
-228
-82
0
-109
-14
79
98
-162
67
68
-9
33
26
130
245
180
263
-223
-196
85
-171
42
-111
-143
9
198
135
-132
116
155
97
-127
-173
106
-378
74
231
261
-18
-156
-201
306
-193
173
187
53
308
3
-185
175
-235
133
-122
136
-170
-144
-46
505
301
-178
-20
102
441
-150
240
-40
-248
145
163
283
-85
-465
-165
129
82
362
-3
14
-12
44
-198
27
-453
-9
-293
200
-279
-256
-133
323
215
-220
490
-109
245
-266
-81
82
-260
-19
116
304
-240
-492
129
-125
37
141
-91
7
-126
-187
-405
-161
-313
-21
-227
-69
-154
-5
-64
-214
69
-253
106
-295
-322
-251
-150
-47
-224
-159
-133
56
107
-322
-193
2
-70
86
2
31
138
-86
-124
6
61
-100
-144
-236
-111
5
69
187
6
-77
-98
-45
-55
-44
-178
-25
-182
-210
-321
182
-86
-362
-44
289
235
-74
-136
100
29
43
1
-325
132
27
-227
-159
-90
-25
65
-65
-156
-147
-45
-294
-60
-170
175
6
-82
-44
-309
57
496
-232
161
-450
97
36
-265
466
128
15
-52
168
-98
223
-378
-53
-132
-131
426
403
147
-92
60
-149
113
3
121
158
100
-258
-87
84
545
-232
-297
26
53
62
-2
368
461
-54
251
11
-227
123
-210
-203
-125
-137
378
-98
208
-448
307
93
102
265
48
389
-507
-151
84
-15
380
-383
-322
-237
-391
74
-168
79
-299
-342
-139
-413
-90
-16
-134
-154
-178
-197
130
-266
-332
-263
-431
-82
-277
-96
-208
-242
-299
-82
-183
49
94
171
-59
-104
-208
-27
108
118
90
-107
76
50
-296
-94
-13
-110
83
-72
54
203
128
115
-73
1
-9
134
48
-212
-130
-222
-152
70
188
-84
-232
-401
-140
-543
-181
243
-36
-26
413
255
506
102
87
-348
227
209
498
-103
-159
108
88
92
-500
388
-94
151
97
-468
123
-388
685
-119
-61
-408
-608
-167
-95
-228
-250
-240
99
293
321
1
-276
-25
39
-205
-122
-298
-428
72
446
76
-387
138
116
286
15
-252
-335
111
469
-83
-624
-124
-315
216
399
423
351
-148
-323
61
129
2
-388
-405
-58
-161
204
-90
153
-112
725
112
-402
-43
305
78
-715
-432
-120
128
558
5
68
-338
-336
-87
165
-64
-207
11
-129
114
69
-454
81
69
-255
23
-158
-397
-358
148
-134
-23
-265
69
186
-272
-28
-188
-270
-150
-31
65
-85
136
-135
175
136
57
-9
59
-325
64
-88
-10
70
63
46
-9
245
104
204
222
-177
-131
46
51
97
10
72
125
-64
95
217
-288
-171
-113
-219
29
88
-310
4
-540
-560
-57
-241
170
-403
-295
-161
30
-52
128
-226
26
-69
-92
-178
-307
205
151
-81
-176
-81
96
-282
-470
313
64
-316
592
550
-419
72
-246
-550
-52
-377
352
-300
-202
-190
262
124
-157
210
175
307
-291
-45
-230
-93
39
-13
-221
220
584
681
-72
-258
521
-63
-82
39
-257
10
-1
-193
-9
-155
178
-218
-36
-315
154
350
78
261
-259
366
-89
-166
-170
90
-70
-247
-42
214
-64
313
-81
78
102
43
39
44
-12
-482
387
132
366
220
-187
91
176
3
215
-518
36
4
236
-56
-291
32
195
245
-202
9
-41
28
23
270
63
-71
-75
255
70
116
-44
63
257
-2
152
-35
226
-226
-151
9
334
187
-46
102
158
41
-70
-278
229
151
218
383
-79
278
-82
382
-20
43
81
-6
17
289
-66
41
223
79
-343
-93
364
269
-342
-211
139
525
-37
44
-121
-62
-245
34
-95
306
47
-29
-111
74
135
282
-70
-50
164
287
285
-67
-308
8
249
99
-263
195
293
-372
-57
-283
17
34
-20
294
-316
300
-206
-94
-216
138
471
208
-68
499
-18
407
591
125
560
395
-19
-178
449
8
441
495
-109
443
338
69
318
154
483
-124
219
274
122
-48
113
181
338
-307
-98
225
258
-66
89
133
819
440
282
674
29
-234
744
63
625
749
109
704
274
308
447
603
481
-92
-26
329
-6
172
120
378
939
-86
-118
629
533
144
81
-3
5
42
-86
306
-16
25
173
-61
218
308
119
-115
8
261
15
150
316
197
-28
25
184
-191
-23
-11
207
217
-50
148
-87
86
-73
17
-162
252
42
364
-265
37
-361
34
97
639
284
-304
-17
17
279
-27
297
131
-184
142
244
-345
-46
-188
290
-89
-15
326
95
170
-218
46
341
316
7
253
-435
177
176
-27
117
183
57
152
-99
12
306
364
193
301
249
-122
388
-358
261
298
43
-16
-170
364
304
-291
-321
-290
-9
100
62
-395
116
74
362
57
291
318
197
-44
-277
5
373
245
-57
-591
217
-34
264
260
99
196
-28
-56
-430
168
208
-460
-184
-429
53
114
-30
-629
-208
-164
64
-186
-371
-156
-392
-177
-357
-341
379
-164
-398
-778
31
-99
-120
136
54
77
-127
-278
-317
-218
164
-514
-252
-273
-331
-159
-269
154
-275
80
39
-297
100
312
-46
528
394
110
-288
-38
351
307
-44
-89
-70
-40
-168
-283
-43
134
-116
-74
-291
167
-197
-152
-432
-448
-319
-7
-70
37
-137
-516
157
343
12
253
316
330
-486
-327
99
434
-596
-469
113
305
-433
-410
-117
267
-420
-142
-64
47
38
29
57
178
-441
-181
-420
11
-349
-173
360
42
4
253
-55
79
214
86
52
588
-210
-560
130
-43
16
-124
-21
170
-266
258
-376
-413
50
-212
-17
56
-292
-506
143
67
255
556
-173
-438
-7
-161
-143
-170
-70
-154
171
307
29
122
-14
-52
169
56
-140
33
526
-260
-256
81
489
-556
-518
40
92
-494
179
-159
-348
-71
-738
-552
-538
-513
-411
-629
-223
-439
-285
-174
-233
236
377
-235
-114
20
-503
-678
-179
-380
-127
-512
47
-210
-153
-270
-306
-108
-227
-224
353
-473
2
194
-179
265
100
-206
-304
59
-176
232
-119
-63
54
102
108
-163
-19
48
-215
-343
-338
-66
-138
-213
-169
-319
-90
-144
-336
-174
705
-259
128
325
-119
399
-310
90
-556
-67
-296
474
-404
-352
13
95
-77
-63
53
125
-202
-301
-61
87
-330
590
-253
-148
-263
294
-24
-195
-507
-23
505
506
239
547
-30
-173
22
254
-96
-189
-400
-349
416
301
-105
-132
-120
552
181
14
73
-140
-53
-68
-285
152
-74
117
160
864
200
-266
-185
-248
-44
-41
321
-207
154
-33
230
441
-42
348
-413
562
-64
-148
-172
390
-201
-44
230
243
78
412
-297
-141
12
-443
-84
70
-111
-302
-782
-624
-235
-442
-214
-249
-397
-55
-292
417
-244
-24
-72
-213
-215
-277
-349
112
-124
-225
-80
-87
-323
-53
-20
-63
94
-43
-323
-238
-30
-243
-220
-196
-419
-40
-464
-453
-235
109
182
213
102
45
27
150
-3
-115
235
-153
15
-188
-135
-354
-295
16
281
-208
-315
-158
-493
-421
362
42
-296
-16
-92
-32
-31
-5
-431
-129
204
-63
192
-26
245
-64
186
-43
-68
-204
110
-124
-548
15
-158
-105
-116
300
366
254
187
268
139
175
512
325
68
345
547
-184
86
-164
277
75
-128
-250
-108
-341
16
-28
-102
176
-64
272
-58
-17
62
185
-465
-185
197
-234
-38
226
-208
-26
-10
-116
77
-189
95
-201
120
-291
-124
592
420
312
3
-88
-109
155
-152
-43
-331
-60
115
89
203
384
-259
-239
166
-316
44
122
-182
-326
144
-225
103
-102
-89
-65
-213
-5
-346
-105
-264
3
-154
-146
-187
-317
139
-140
-440
-251
-13
-20
-222
490
-19
246
-147
186
-99
-74
-10
-100
106
-50
200
114
215
272
-12
69
79
273
132
-137
135
245
-110
-109
158
123
143
16
-86
52
-39
774
259
313
-530
203
-185
-26
287
-57
86
233
83
337
243
171
-38
24
282
741
4
126
-118
-213
358
-222
377
99
59
-139
-305
347
-115
658
185
39
-23
252
174
221
-199
120
57
37
-3
384
-96
-47
80
45
276
222
-328
-373
16
34
56
-180
-325
89
296
-101
-356
193
213
187
208
258
329
73
47
-175
632
-61
68
76
-227
164
-237
104
384
-23
151
-179
101
186
-110
26
14
431
175
146
-291
125
344
306
-128
-5
497
417
544
-28
67
-225
776
282
348
69
167
279
-190
-218
825
365
98
-391
229
319
-64
207
271
325
667
-105
117
10
466
18
251
-496
337
19
33
261
50
29
389
19
454
245
-125
-249
2
90
98
168
8
-107
85
-19
33
252
-76
189
-64
148
39
168
41
72
51
-435
81
74
136
140
436
124
608
206
574
591
-228
-273
-12
121
527
-47
-325
-250
455
88
-639
333
-40
252
-353
-410
-8
-39
169
298
549
-453
-341
-29
-68
-116
423
80
657
181
416
-25
-280
-132
-5
-231
-28
-413
-434
114
274
10
-582
887
-75
337
-160
21
100
-823
-48
-58
487
-189
-576
7
160
33
467
-85
225
238
42
-102
-195
-344
-54
-301
-56
-315
-244
97
-24
172
-71
221
-102
312
-254
-259
210
-494
73
-90
414
-213
-271
250
-89
-4
127
135
-22
-82
-89
-404
-229
-469
-27
-238
-82
-168
-295
-101
-278
152
-170
59
-239
-46
-493
8
112
-437
-108
79
182
-275
-44
57
-183
33
-131
-114
-62
98
38
243
-324
290
176
140
121
-154
261
439
56
132
9
-344
-180
-136
-88
-268
-315
33
-172
122
-357
-162
-470
-134
-328
-114
-211
-257
154
320
-43
225
-225
276
71
-249
149
-379
-196
149
-35
185
177
-140
-164
-179
-275
-404
-6
-153
-646
-95
-293
363
-362
-102
-84
-386
-106
-197
281
6
139
160
115
-247
-32
-286
-438
-424
-116
-92
155
56
153
558
-121
-352
-6
-30
544
-255
-431
-259
-48
467
-274
-559
253
-221
166
17
-103
481
-390
-118
78
12
-52
-335
-382
-404
-409
266
-214
-86
-86
-23
96
-305
-41
-104
373
-90
-150
-249
281
77
-337
-619
-33
-104
241
102
301
-222
-377
-186
-68
-31
113
-452
-345
-459
-404
177
-191
-118
-2
-388
-476
-282
-132
-17
84
-289
-104
-399
20
420
338
140
-246
-51
-138
-16
12
-314
-16
90
160
446
22
-118
-133
8
104
-122
74
4
-205
322
1
-124
58
42
42
-86
-252
-25
-97
457
-193
-135
-115
31
-176
7
131
-48
162
180
211
-99
-83
-441
-665
210
283
-372
-106
113
-343
272
141
-226
-35
94
84
-46
-252
-155
108
346
655
264
-394
158
-201
123
-205
-716
12
32
22
400
23
-146
186
538
61
71
-284
250
-251
280
128
32
517
140
24
247
442
-182
68
89
490
169
-134
40
-77
88
517
332
-321
96
164
97
-313
-125
54
645
167
-5
-53
-198
-133
-256
140
-431
442
-18
-155
58
-89
-143
-164
247
272
375
112
-281
-61
-267
250
-67
-222
-112
25
-311
-323
8
220
181
-125
-9
-307
74
184
185
221
-256
194
-105
-154
111
-67
-376
-5
15
231
267
-6
188
74
-1
183
173
261
-120
-87
407
109
153
369
315
-2
-264
230
139
-6
-75
145
384
233
203
-33
275
-120
96
146
166
-18
-353
138
165
-90
-150
218
173
164
65
-32
90
355
234
-302
-127
-207
-78
-32
88
-336
222
56
52
137
260
168
-116
167
179
114
-264
103
314
253
510
156
90
181
-8
245
584
217
213
46
277
267
52
22
-332
157
109
-61
179
81
-14
-157
22
362
-46
-145
335
271
70
459
293
-276
103
-183
84
-398
-338
-103
86
220
-40
-191
39
290
386
482
66
56
196
52
-167
258
55
191
184
-30
99
253
107
215
131
521
357
-77
242
-33
275
236
-740
259
7
156
-48
143
277
476
110
502
57
-42
21
26
154
-54
-269
-13
232
-8
271
203
270
115
-311
-120
393
149
142
41
93
-3
345
220
158
-136
154
343
186
266
163
357
137
121
2
-17
-306
-389
-218
-29
-151
-222
338
-90
236
-84
-211
-27
153
130
-15
-311
149
-184
177
186
88
-312
-53
99
27
17
-10
419
338
-31
-1
56
-48
-252
42
-393
148
-455
106
14
218
-157
-129
-355
-152
-355
241
-215
224
-231
-210
129
292
-313
192
499
39
74
-169
251
393
-366
-160
-240
55
-91
-275
-278
0
-199
-122
275
283
-314
4
-241
91
-141
166
157
-94
-432
-312
223
231
-130
271
118
4
210
-271
46
397
-436
-73
-346
-382
-76
53
-98
-99
-126
-166
223
383
-219
62
-56
330
-53
-141
-108
101
-211
-230
135
219
-63
12
329
74
-47
-83
-84
88
-157
49
-52
-2
159
279
55
69
-183
-41
-21
324
-99
263
-72
-82
-103
93
79
56
-121
-90
16
-93
-62
85
18
83
-41
42
-133
43
39
-46
-116
24
71
1
23
93
210
-24
-57
-27
-13
-52
273
95
15
225
12
2
-4
88
415
268
4
33
-91
268
223
243
172
229
52
145
124
375
154
190
266
-260
-32
-428
-30
146
172
-341
6
-49
-68
-63
247
-166
287
244
390
248
-108
177
-111
206
61
8
203
-159
325
5
-391
935
-154
4
3
-34
-279
-288
-435
43
280
64
-309
-117
-194
151
200
-100
-157
100
-141
277
-357
218
116
-494
17
87
226
-208
-402
235
-197
608
-330
-134
-263
-118
197
6
-336
79
58
205
-168
-13
12
154
314
386
-139
70
292
-339
457
270
32
18
145
-141
260
29
-122
398
123
608
48
-241
43
240
462
46
133
347
163
-467
-211
160
-395
270
-137
0
-169
107
25
357
-239
-277
-11
41
-16
91
254
13
-80
-27
-128
-188
-409
-19
-322
-24
5
-2
-304
127
-266
-142
-468
-16
-539
97
-169
-388
-236
-119
295
-6
-46
-10
163
68
-244
-212
165
228
28
-258
166
95
-545
-520
-104
-99
215
-145
-627
98
82
-462
-508
-452
-254
151
101
-146
-361
-71
-50
149
-294
344
61
-69
-549
-390
-112
265
11
181
-177
377
-36
-560
-198
-216
356
-108
-352
191
425
500
-223
-37
520
265
250
-218
-174
-342
-153
289
232
203
-57
-84
-588
-264
-131
228
-550
124
201
457
-493
-524
-35
182
345
-101
135
28
44
387
-201
-141
74
408
291
676
39
-430
210
176
526
-34
369
224
-853
-64
313
483
-380
243
-108
225
-608
-738
-53
405
301
72
-105
255
-202
-75
-357
-65
-413
94
-335
-15
429
16
264
260
-466
342
160
-36
-217
-38
212
243
0
-155
-201
165
-8
152
-66
-180
-232
-94
-147
32
-119
-291
-540
-190
-81
103
-150
50
529
-386
240
79
26
60
-187
-73
-717
-262
131
100
22
-22
-378
509
-5
-36
-230
580
-115
-88
-20
-23
311
-358
179
-14
175
263
60
240
335
-39
150
275
-83
183
398
154
-273
-94
115
251
-148
9
-202
231
-121
148
-296
398
-382
-173
354
-13
280
-142
-12
175
473
268
-186
7
384
82
227
200
-356
33
275
171
325
2
26
-386
113
-69
-591
-442
262
212
237
-8
-159
352
221
159
-207
-249
276
-74
228
-208
-68
-270
387
-343
334
476
-497
362
320
266
78
123
-276
-9
244
13
-504
112
183
131
240
-389
-372
-126
269
403
-286
-6
458
234
-575
129
-440
-268
682
-270
155
100
-212
625
252
160
-23
259
181
71
465
91
-252
204
602
302
99
-118
-81
-151
-182
296
-236
-447
446
90
-308
-9
-382
-722
705
90
396
777
-174
704
-69
49
-111
73
-10
-246
-33
257
-260
-334
448
70
-125
-461
-139
22
-192
29
-96
-85
589
337
-251
-22
-389
-287
447
480
-57
179
-15
492
-141
134
400
163
166
46
212
362
33
-180
579
-231
109
-150
-67
-28
-26
-310
-594
-99
191
15
-349
-36
-114
184
-90
235
-240
293
-21
107
-139
-22
175
93
-151
-121
-156
-256
109
-167
-38
70
303
74
-10
151
-39
-234
240
-411
165
135
58
-362
152
-62
26
127
-258
-49
73
-256
-298
-208
210
-80
-38
-91
-17
10
-266
426
172
32
-367
-182
316
-114
-1
-85
-124
-58
80
282
-247
2
-306
83
109
119
121
93
240
405
-45
11
109
182
113
42
90
30
-77
129
116
129
454
82
-282
-44
-328
54
-192
218
-15
329
-74
51
-704
-177
-417
183
-17
154
345
300
-17
-317
-229
224
109
287
8
-268
-51
88
252
57
-20
258
-319
-3
11
-103
-31
147
-81
156
-399
-15
25
29
-245
-396
-301
-168
346
125
99
-168
-195
-124
316
276
-293
21
35
84
246
-230
18
36
94
-29
75
-150
166
43
-223
-211
-394
-97
-119
363
-32
57
-266
-96
166
-51
237
-42
-167
36
-2
166
-20
-143
-183
-168
-281
-123
1
-37
-299
-83
-109
147
51
292
-270
-310
-91
-86
239
122
-286
206
-149
-491
402
-522
-115
-233
-350
-43
13
344
-376
-299
178
5
-182
-386
-147
274
421
80
-97
118
116
0
0
0
0
0
0
0
0
0
0
0
0
0
0
0
0
0
0
0
0
0
0
0
0
0
0
0
0
0
0
0
0
0
0
0
0
0
0
0
0
0
0
0
0
0
0
0
0
0
0
0
0
0
0
0
0
0
0
0
0
0
0
0
0
0
0
0
0
0
0
0
0
0
0
0
0
0
0
0
0
0
0
0
0
0
0
0
0
0
0
0
0
0
0
0
0
0
0
0
0
0
0
0
0
0
0
0
0
0
0
0
0
0
0
0
0
0
0
0
0
0
0
0
0
0
0
0
0
0
0
0
0
0
0
0
0
0
0
0
0
0
0
0
0
0
0
0
0
0
0
0
0
0
0
0
0
0
0
0
0
0
0
0
0
0
0
0
0
0
0
0
0
0
0
0
0
0
0
0
0
0
0
0
0
0
0
0
0
0
0
0
0
0
0
0
0
0
0
0
0
0
0
0
0
0
0
0
0
0
0
0
0
0
0
0
0
0
0
0
0
0
0
0
0
0
0
0
0
0
0
0
0
0
0
0
0
0
0
0
0
0
0
0
0
0
0
0
0
0
0
0
0
0
0
0
0
0
0
0
0
0
0
0
0
0
0
0
0
0
0
0
0
0
0
0
0
0
0
0
0
0
0
0
0
0
0
0
0
0
0
0
0
0
0
0
0
0
0
0
0
0
0
0
0
0
0
0
0
0
0
0
0
0
0
0
0
0
0
0
0
0
0
0
0
0
0
0
0
0
0
0
0
0
0
0
0
0
0
0
0
0
0
0
0
0
0
0
0
0
0
0
0
0
0
0
0
0
0
0
0
0
0
0
0
0
0
0
0
0
0
0
0
0
0
0
0
0
0
0
0
0
0
0
0
0
0
0
0
0
0
0
0
0
0
0
0
0
0
0
0
0
0
0
0
0
0
0
0
0
0
0
0
0
0
0
0
0
0
0
0
0
0
0
0
0
0
0
0
0
0
0
0
0
0
0
0
0
0
0
0
0
0
0
0
0
0
0
0
0
0
0
0
0
0
0
0
0
0
0
0
0
0
0
0
0
0
0
0
0
0
0
0
0
0
0
0
0
0
0
0
0
0
0
0
0
0
0
0
0
0
0
0
0
0
0
0
0
0
0
0
0
0
0
0
0
0
0
0
0
0
0
0
0
0
0
0
0
0
0
0
0
0
0
0
0
0
0
0
0
0
0
0
0
0
0
0
0
0
0
0
0
0
0
0
0
0
0
0
0
0
0
0
0
0
0
0
0
0
0
0
0
0
0
0
0
0
0
0
0
0
0
0
0
0
0
0
0
0
0
0
0
0
0
0
0
0
0
0
0
0
0
0
0
0
0
0
0
0
0
0
0
0
0
0
0
0
0
0
0
0
0
0
0
0
0
0
0
0
0
0
0
0
0
0
0
0
0
0
0
0
0
0
0
0
0
0
0
0
0
0
0
0
0
0
0
0
0
0
0
0
0
0
0
0
0
0
0
0
0
0
0
0
0
0
0
0
0
0
0
0
0
0
0
0
0
0
0
0
0
0
0
0
0
0
0
0
0
0
0
0
0
0
0
0
0
0
0
0
0
0
0
0
0
0
0
0
0
0
0
0
0
0
0
0
0
0
0
0
0
0
0
0
0
0
0
0
0
0
0
0
0
0
0
0
0
0
0
0
0
0
0
0
0
0
0
0
0
0
0
0
0
0
0
0
0
0
0
0
0
0
0
0
0
0
0
0
0
0
0
0
0
0
0
0
0
0
0
0
0
0
0
0
0
0
0
0
0
0
0
0
0
0
0
0
0
0
0
0
0
0
-43
-25
-203
27
-118
-22
31
83
64
121
274
-45
-164
1
173
-152
-1
16
-45
-10
-54
137
61
-283
-188
-4
284
221
-7
13
52
17
5
-345
50
-153
-123
440
155
37
97
97
532
142
-152
131
119
10
47
-90
-38
-124
-7
126
-406
-21
-131
57
-18
-45
180
4
118
251
100
-113
211
-202
-77
-133
0
421
-177
113
300
233
161
82
14
280
-227
-340
5
-309
-147
-1
-310
134
277
-64
-105
-120
-109
56
-259
-301
-208
-173
233
55
-204
-267
-181
-109
100
-32
44
-159
-213
-397
134
208
-140
-325
-528
-91
-257
112
-357
92
425
-70
-72
-392
-97
379
-494
83
-321
112
333
10
-296
-462
-450
142
-69
-241
-254
-233
-460
-118
-112
539
55
-229
-366
256
-67
-451
-352
162
313
-161
-316
-286
224
334
-335
-281
-1
161
35
214
130
-34
9
-285
-146
-351
83
271
497
-29
-61
-302
-142
498
316
8
172
163
204
-35
-17
130
69
-169
-25
-12
43
-192
118
126
-102
-245
-218
-319
-194
-137
-538
-129
250
-86
119
341
-163
-70
2
203
199
-335
-100
-277
130
116
-390
-44
169
-302
265
27
-214
-79
131
26
281
137
123
-122
52
-23
59
-160
-204
289
261
-453
176
294
-24
196
-222
-229
-252
272
298
330
119
132
-116
-102
-111
223
-107
-131
64
104
-34
-200
-307
-305
80
296
-98
-14
-460
224
-6
-467
48
-7
68
-238
46
251
-140
453
-269
537
266
129
-567
-160
286
3
-510
-359
-65
273
368
33
-536
-523
-469
304
-28
143
-104
73
-7
-527
86
293
111
-423
-684
-55
-250
703
63
244
366
138
-334
113
400
110
-661
-276
107
77
-262
-71
-183
-40
59
83
-178
168
62
215
387
210
271
-1
-13
-415
338
-112
-210
4
-144
185
-53
223
79
55
-268
47
13
214
272
-491
-204
67
-386
16
-121
-351
251
-342
-362
502
-550
61
58
-11
8
-324
-225
-96
-249
163
-351
-83
94
311
207
136
-360
74
-366
-49
-355
-125
-126
-149
-265
-224
238
-128
70
-316
-265
364
-45
-132
325
-205
-153
-126
-22
268
142
147
-68
175
319
-16
-174
-8
-36
255
-106
-113
222
-135
191
-209
79
-34
-114
-39
-418
-97
-627
347
173
-99
141
-14
46
-275
523
335
-225
524
-289
-161
118
-9
123
150
-158
198
-38
-321
313
194
50
174
570
18
226
-271
75
99
-448
569
-31
245
83
194
-299
-103
246
-87
-215
427
195
50
-27
47
347
643
355
197
-113
157
215
-78
373
196
-52
102
148
-233
-41
-261
-403
289
-454
-310
-293
135
125
113
-193
124
156
40
-57
183
237
106
342
419
332
202
-340
-107
169
-138
-75
108
-520
57
297
-467
12
-853
-1104
494
-485
125
-544
-135
-5
-169
-40
-264
-505
90
-123
-228
18
51
588
417
-48
347
-440
62
-319
174
-11
177
48
245
425
-74
-570
-45
-166
58
-33
-172
16
-377
262
-101
184
314
253
-13
-137
77
315
-123
76
-423
151
140
110
-254
-284
119
152
-114
236
-176
271
462
-343
260
226
41
304
332
148
84
78
-209
100
286
-297
246
-415
443
10
70
-144
16
138
176
138
-220
90
196
-37
-101
200
-214
-47
244
204
219
39
199
182
314
200
182
-166
-92
411
9
-199
-168
-166
179
84
-63
474
306
170
281
338
-86
-518
27
3
551
215
47
-82
79
124
53
-187
-425
-365
-67
-63
267
-95
18
-328
191
10
-66
110
-118
100
-498
-51
-15
267
465
-272
188
-836
237
-190
759
192
182
-249
295
363
140
-115
-625
-248
-148
-291
-3
133
235
-468
420
16
-11
-195
145
501
-347
-524
-380
292
552
35
136
-123
377
237
-196
-196
-483
-449
7
-47
-33
206
465
381
195
375
-137
338
376
74
670
335
215
-608
183
426
176
-249
-687
172
257
184
-954
46
221
-78
-736
185
-490
105
38
-324
-78
459
161
692
15
207
-178
216
113
346
108
-86
-84
1
339
197
-31
34
41
122
-146
255
-601
90
83
-109
-336
65
-36
201
-164
-249
156
69
184
680
275
8
-334
-13
86
99
-237
-115
-73
-94
-113
-46
43
333
-185
57
188
-91
-325
51
-141
-36
-176
166
-72
-2
277
-83
244
188
-35
-154
-2
29
-120
-47
83
-291
25
27
78
40
-55
-194
-29
65
54
-66
-181
30
-123
19
-120
66
-290
211
235
161
-433
-294
66
180
55
-83
37
42
-113
-100
136
85
-3
-170
-111
-199
139
120
38
-46
-108
170
-184
193
-191
39
20
-20
110
107
-126
126
215
-349
-9
-91
-177
113
157
243
454
21
-98
20
78
12
-104
-319
210
283
81
-273
70
246
412
67
-128
112
-51
-52
260
-170
-189
-309
-60
315
321
151
77
9
-146
196
198
-114
154
119
19
-276
63
-128
172
158
-112
66
-327
-82
16
131
139
138
-132
-86
3
-353
-245
-338
-157
43
10
-117
-5
257
-169
-166
438
63
117
-179
204
-26
-71
-47
-105
-17
-104
62
-120
382
76
-101
-199
-205
-210
-170
-66
40
81
142
-26
-112
63
-70
-126
42
91
-49
-223
40
77
-5
-7
110
-97
44
-34
-75
-128
-110
183
22
-108
-111
-70
-88
62
-70
115
176
429
69
-131
-18
98
227
-248
93
63
-85
-146
39
17
246
-131
52
-304
363
-336
168
-139
95
55
-165
-194
67
414
267
34
19
-422
113
364
254
366
-290
205
237
99
7
114
185
262
48
273
33
341
444
-89
-3
-63
-224
-77
20
120
-233
-407
33
-91
-92
216
345
-50
52
212
-250
99
58
398
52
-649
-293
195
-216
-32
112
3
-257
21
100
-59
299
-15
130
200
-8
119
-355
-145
-45
382
26
4
-140
220
-26
76
-78
-144
97
-43
-254
-372
-198
34
-210
-227
-80
-74
-574
-129
-83
-318
-55
-221
-95
-112
76
116
-172
-211
-190
377
120
73
5
-225
117
-617
-73
244
-292
10
209
339
414
-31
22
-117
76
221
444
-48
-3
250
-4
182
-147
268
-188
-402
47
-262
147
-417
186
73
-238
-51
273
-351
-247
610
-392
323
238
498
829
173
-167
-491
94
392
477
-395
-381
377
-87
15
-941
625
215
-155
475
-398
-23
-522
98
-166
-779
-280
-465
-69
-1
311
-656
-502
-48
87
452
197
-332
-780
317
-315
520
-528
-462
-135
115
154
-883
334
-217
49
190
-423
-188
-144
-77
-397
-544
-115
-321
489
25
404
459
-284
-317
37
-69
-258
-183
-498
-277
-411
379
-142
310
-215
266
-364
-568
17
-248
885
-416
-969
126
54
470
42
-229
83
-234
294
-75
-98
-24
15
-80
345
78
-193
-172
-38
-84
30
123
-202
120
95
-252
-350
-173
151
-137
538
-192
-189
-57
452
104
38
-46
-120
-245
122
57
-68
-325
-110
-348
193
-140
-190
31
-157
60
106
-90
-117
-21
144
303
33
-254
127
48
-152
-221
-83
-115
69
594
207
0
250
-301
131
66
-528
-373
-409
94
86
186
311
265
-364
-103
50
195
-427
-608
134
203
160
-137
205
251
217
-170
279
8
176
215
-97
-132
-618
-281
110
135
-311
-664
-384
-208
-39
-179
94
48
231
-156
-179
419
-352
-163
-130
-226
7
-455
128
-96
-135
50
-525
-90
-21
344
-46
255
20
-228
312
107
-672
-727
-216
-21
-115
-213
-106
-193
-40
-51
-169
329
-754
-113
11
-170
-458
-436
194
-210
252
-23
-150
-44
11
428
-1
92
247
278
143
242
-301
-246
300
232
5
98
-5
332
183
-279
-19
96
-296
-36
-82
-188
-59
-403
227
243
-253
124
233
454
-287
-12
-299
56
79
-198
478
-216
-135
-132
-241
-228
133
-651
200
40
205
172
35
157
177
91
-15
190
-365
125
-304
264
396
-13
-84
-168
356
186
-276
302
332
-80
186
434
-343
237
152
-127
-283
-559
222
-44
-164
-318
91
79
-177
200
257
433
-20
197
-451
43
448
190
382
215
258
-316
271
194
122
331
404
144
-55
-289
-117
69
269
-33
-118
-145
-90
-121
-165
316
497
637
-703
109
-45
-134
-35
81
98
261
227
142
-75
513
318
240
342
362
-227
-114
6
-676
109
12
74
328
124
153
113
173
-13
98
-337
-78
-294
-607
92
-337
548
-227
-656
-138
116
230
-337
110
374
357
-29
356
-81
-302
360
-38
265
226
167
508
47
297
391
320
-49
-156
-173
26
-118
-207
-20
-23
697
-66
-182
5
122
122
-422
13
-181
103
176
51
54
10
240
116
52
-8
-109
-76
11
1
98
-28
-71
82
26
-51
-129
60
-174
162
-227
-65
158
134
207
28
89
-98
-83
-84
209
435
-40
-140
147
87
106
154
10
223
-8
140
-179
-277
-88
238
112
113
-132
196
229
178
-22
-78
165
-87
209
170
43
220
247
182
60
62
-88
196
-336
275
267
320
12
-161
-97
-132
280
-157
-166
-122
209
163
103
-68
231
36
20
73
-228
294
6
109
173
-122
-19
37
17
-25
7
46
162
70
116
195
-76
14
-94
-91
194
254
88
0
174
271
-62
98
127
-116
-153
-212
-33
-213
113
-199
-147
-166
37
-27
-23
-350
-33
115
240
28
-170
34
10
177
-195
-159
92
44
-194
-143
125
-10
229
57
9
219
56
-290
-130
-381
146
-183
53
-177
240
220
92
82
-26
-215
137
30
-153
162
-299
411
-24
-255
300
195
48
-108
33
-152
-161
-191
-36
-67
-63
-149
-331
90
-53
200
-65
-460
154
70
-419
230
-94
243
306
-394
249
307
7
631
-4
298
-97
315
210
328
95
135
-122
-4
75
-211
30
-212
-171
59
-225
136
-251
60
127
409
-306
-44
-421
-277
-675
0
298
144
163
375
-365
109
339
256
395
-132
-451
-228
189
6
-258
-322
189
417
-364
259
-201
-121
26
-37
-111
60
8
-150
5
207
-209
-17
-196
-328
143
96
-43
-16
155
199
316
138
-99
124
-9
242
-139
-122
-19
549
-243
213
-202
-115
157
-323
-117
337
-8
73
31
97
-17
68
-789
-561
-468
-310
-280
-470
-87
-44
-87
299
-110
-89
316
-231
35
275
-57
-172
-83
-201
254
34
98
-661
-238
-162
-441
-162
-231
126
205
-479
205
537
-144
-11
-74
157
-128
144
110
80
-154
-133
-148
-197
-229
-502
-236
-471
-516
-293
-287
392
-196
91
-396
-319
-664
-236
-536
-58
174
-417
271
204
-1
324
109
132
-431
-404
-56
214
-412
-676
-20
742
-417
-427
-121
265
-234
-199
-493
-120
-283
404
-316
-525
78
134
-10
50
-642
-15
94
-14
310
233
281
-220
-770
52
-86
223
-969
-567
265
-82
-417
-258
14
557
478
-134
113
40
291
-177
222
54
283
162
193
441
-213
-583
92
109
148
189
201
121
62
-47
476
328
-116
212
-93
88
-230
145
246
212
-519
-62
311
319
-30
-481
208
266
-144
-32
-534
-4
155
37
-352
-434
-460
-206
133
-30
139
323
-297
182
-62
-192
-9
-54
10
-21
-152
-110
-401
223
120
246
-124
-315
84
-343
-188
-154
-388
-407
825
-207
170
202
-247
413
-154
77
-395
-155
183
312
103
78
-62
48
230
77
37
-588
-276
-256
-73
-14
-383
-173
14
-30
-597
31
-320
-312
1378
164
777
429
-612
302
-318
-10
-217
-57
-166
7
270
-173
1
241
152
-117
-83
-255
-253
-102
-471
-286
-369
-219
55
235
254
342
-84
-37
604
519
628
292
-306
449
130
-271
-117
-225
84
282
-410
-536
-23
-112
-159
-54
-156
-53
-167
143
231
-38
-1
11
43
-9
-225
288
-152
113
28
169
124
332
54
35
302
-73
131
-160
418
374
-265
114
-114
-32
-56
214
-128
-131
-257
-80
36
179
-345
-352
-39
72
-142
-471
-156
106
12
-20
-718
-494
119
-367
-187
-224
-131
-46
-45
86
10
-546
291
-285
421
-106
26
-207
265
57
-127
-344
-8
447
299
288
-324
-200
65
-10
-189
101
-292
-328
461
252
-450
-4
96
275
-348
-71
292
3
295
-318
298
55
363
33
-171
-105
-397
-87
11
514
73
88
-699
-250
81
-82
313
-131
59
227
463
338
-291
-29
-8
82
-386
-264
163
-135
254
-54
483
-27
490
-150
197
-600
-251
-26
-86
348
-128
59
-149
-10
205
-53
32
-35
51
-176
145
91
-63
43
118
-1
-309
-245
-474
-414
233
-244
-123
-213
275
406
686
-329
-539
-227
360
-345
-368
151
-364
-22
-277
-168
41
89
2
-245
136
-438
91
157
267
-377
-186
233
-65
-417
54
264
-3
-62
-132
126
-305
-30
-61
10
-85
-219
-254
-93
-209
-202
52
115
-421
-119
-519
-505
-407
-633
-144
-304
-245
-420
-492
-127
2
-99
-241
-156
221
1
-625
-24
119
-152
-213
-458
1
0
0
0
0
0
0
0
0
0
0
0
0
0
0
0
0
0
0
0
0
0
0
0
0
0
0
0
0
0
0
0
0
0
0
0
0
0
0
0
0
0
0
0
0
0
0
0
0
0
0
0
0
0
0
0
0
0
0
0
0
0
0
0
0
0
0
0
0
0
0
0
0
0
0
0
0
0
0
0
0
0
0
0
0
0
0
0
0
0
0
0
0
0
0
0
0
0
0
0
0
0
0
0
0
0
0
0
0
0
0
0
0
0
0
0
0
0
0
0
0
0
0
0
0
0
0
0
0
0
0
0
0
0
0
0
0
0
0
0
0
0
0
0
0
0
0
0
0
0
0
0
0
0
0
0
0
0
0
0
0
0
0
0
0
0
0
0
0
0
0
0
0
0
0
0
0
0
0
0
0
0
0
0
0
0
0
0
0
0
0
0
0
0
0
0
0
0
0
0
0
0
0
0
0
0
0
0
0
0
0
0
0
0
0
0
0
0
0
0
0
0
0
0
0
0
0
0
0
0
0
0
0
0
0
0
0
0
0
0
0
0
0
0
0
0
0
0
0
0
0
0
0
0
0
0
0
0
0
0
0
0
0
0
0
0
0
0
0
0
0
0
0
0
0
0
0
0
0
0
0
0
0
0
0
0
0
0
0
0
0
0
0
0
0
0
0
0
0
0
0
0
0
0
0
0
0
0
0
0
0
0
0
0
0
0
0
0
0
0
0
0
0
0
0
0
0
0
0
0
0
0
0
0
0
0
0
0
0
0
0
0
0
0
0
0
0
0
0
0
0
0
0
0
0
0
0
0
0
0
0
0
0
0
0
0
0
0
0
0
0
0
0
0
0
0
0
0
0
0
0
0
0
0
0
0
0
0
0
0
0
0
0
0
0
0
0
0
0
0
0
0
0
0
0
0
0
0
0
0
0
0
0
0
0
0
0
0
0
0
0
0
0
0
0
0
0
0
0
0
0
0
0
0
0
0
0
0
0
0
0
0
0
0
0
0
0
0
0
0
0
0
0
0
0
0
0
0
0
0
0
0
0
0
0
0
0
0
0
0
0
0
0
0
0
0
0
0
0
0
0
0
0
0
0
0
0
0
0
0
0
0
0
0
0
0
0
0
0
0
0
0
0
0
0
0
0
0
0
0
0
0
0
0
0
0
0
0
0
0
0
0
0
0
0
0
0
0
0
0
0
0
0
0
0
0
0
0
0
0
0
0
0
0
0
0
0
0
0
0
0
0
0
0
0
0
0
0
0
0
0
0
0
0
0
0
0
0
0
0
0
0
0
0
0
0
0
0
0
0
0
0
0
0
0
0
0
0
0
0
0
0
0
0
0
0
0
0
0
0
0
0
0
0
0
0
0
0
0
0
0
0
0
0
0
0
0
0
0
0
0
0
0
0
0
0
0
0
0
0
0
0
0
0
0
0
0
0
0
0
0
0
0
0
0
0
0
0
0
0
0
0
0
0
0
0
0
0
0
0
0
0
0
0
0
0
0
0
0
0
0
0
0
0
0
0
0
0
0
0
0
0
0
0
0
0
0
0
0
0
0
0
0
0
0
0
0
0
0
0
0
0
0
0
0
0
0
0
0
0
0
0
0
0
0
0
0
0
0
0
0
0
0
0
0
0
0
0
0
0
0
0
0
0
0
0
0
0
0
0
0
0
0
0
0
0
0
0
0
0
0
0
0
0
0
0
0
0
0
0
0
0
0
0
0
0
0
0
0
0
0
0
0
0
0
0
0
0
0
0
0
0
0
0
0
0
0
0
0
0
0
0
0
0
0
0
0
0
0
0
0
5
116
136
154
-90
98
-7
89
267
31
-64
-22
-226
6
-140
167
89
-89
-299
69
19
-15
230
11
101
10
130
1
40
107
-13
158
14
-7
98
-34
-437
156
-54
381
17
-328
-393
94
-115
-32
-436
-143
-108
-322
-434
108
-83
-212
191
164
473
-153
290
67
-44
97
-260
7
203
125
56
179
-429
334
44
365
217
-34
-286
-88
-10
-130
30
46
-80
-319
-742
416
340
-97
218
221
299
-445
-165
-65
-146
139
-297
232
-12
27
17
-130
-515
104
151
383
-129
-157
-545
-1
-85
-131
-9
-231
-159
-48
-379
-90
-145
-135
622
123
149
3
-169
613
-484
-19
-158
330
207
-2
-198
114
-352
317
101
230
54
-6
-137
237
-184
-151
173
-302
-101
-123
-127
8
-306
116
-12
332
-34
356
451
582
-325
-8
-282
561
-140
-3
-24
245
-163
-65
-179
11
151
-115
22
-335
-73
-67
-112
227
-146
-129
-44
165
54
-67
-67
63
264
-223
-195
-56
117
146
-66
20
-205
-14
114
210
-643
-39
-137
-111
328
-59
-444
-46
-695
-691
-373
512
-281
-458
-566
58
21
188
-115
225
154
-368
-325
302
-12
242
-473
185
238
129
-79
261
-442
-45
-65
144
652
-476
-321
275
-468
-612
-406
45
-82
-167
-379
277
254
-26
144
227
477
-154
-29
-271
-201
268
-441
-262
-28
-307
-438
328
-712
203
19
214
307
-247
-190
-33
-443
-269
-134
-352
-212
-90
-43
255
226
-82
641
100
196
-213
-44
356
-187
198
-201
162
-367
-68
-238
106
-319
407
316
-213
474
-257
-373
610
-500
-196
17
-71
-266
-258
-45
112
38
539
59
-277
335
-289
74
497
-217
223
-352
565
570
135
187
77
94
-63
-155
-290
245
20
-260
360
-234
-343
53
159
21
13
-114
28
42
52
-134
28
474
205
134
95
247
316
-205
110
418
253
159
203
46
340
310
-515
192
-169
-484
685
-569
-443
159
546
59
115
-456
486
332
277
-362
183
410
363
34
292
-53
49
-100
-131
-99
155
369
50
-47
188
276
-231
60
-130
-676
117
-506
-204
51
464
-76
-174
-349
280
-20
270
-126
179
159
11
-13
-272
81
199
-113
247
287
-311
-201
515
15
-66
-159
-265
347
-8
-341
395
-413
190
26
-123
-82
90
33
-25
327
273
-105
-22
155
-204
-13
201
-120
114
-45
-30
160
103
-419
255
410
232
505
-196
287
103
-401
352
-385
204
212
-301
34
209
259
150
-173
-37
40
-116
47
159
585
313
449
-50
171
310
459
-257
139
-71
190
191
196
-295
-116
108
-132
748
-81
22
158
128
133
277
-262
-56
-25
339
167
-200
-318
139
498
362
254
-84
142
-143
106
-36
-19
236
100
502
622
-829
-49
-133
-326
365
-436
146
143
105
226
-56
78
151
94
-135
-110
-565
-213
-40
275
325
242
134
205
169
323
-472
-88
5
96
32
-202
-177
-276
569
-210
-148
-259
170
-8
-109
-34
-158
175
-188
136
50
80
-401
455
137
-32
7
-55
46
180
174
122
5
-102
26
74
-328
-200
96
542
404
303
160
-125
226
371
90
-242
-353
27
141
348
-190
202
41
-128
-13
8
134
23
206
133
-71
-510
-29
35
188
46
-256
-61
237
211
160
282
-91
-93
283
255
201
-110
-180
-226
-20
-326
-41
-222
-144
222
-354
-123
112
-103
328
-253
-127
-151
205
84
494
531
216
293
-301
-155
4
-123
-178
-150
222
-99
-53
-180
161
-271
81
251
-65
-51
-73
173
-224
-59
164
296
335
29
277
-314
152
188
327
-71
710
358
-208
125
-3
-626
-102
-488
-64
-91
235
258
-188
-295
377
-19
-116
47
-224
196
99
-364
535
35
76
-207
518
35
-113
46
217
64
115
-337
389
639
116
-306
-123
186
-320
54
150
-225
-36
-277
523
-89
88
-114
62
286
95
-524
230
349
-19
-227
84
437
-132
302
-170
122
-206
-186
169
177
-164
-243
124
-170
-211
-186
110
-288
171
-158
-6
-474
239
20
178
371
205
45
80
295
-273
-501
105
-6
-349
-170
274
168
-230
192
-62
24
-355
-187
-52
-110
-107
-295
-211
92
17
-106
220
11
14
83
-170
255
-200
-57
-8
189
-63
-138
-26
-5
-14
-55
46
-180
-19
-2
12
-61
-134
-3
89
0
6
21
-55
5
-169
61
31
-19
18
-257
-134
34
10
-230
-183
-58
32
-2
32
181
-274
1
31
-482
-58
17
-473
195
-161
-299
162
-19
-20
-277
9
-160
-142
25
-82
-133
120
-215
68
-165
77
210
4
22
1
-98
64
-40
-123
-99
-67
-217
-130
103
-190
13
-335
-290
60
-152
-34
-37
-221
-183
94
15
-64
95
-69
289
-126
-218
23
30
167
50
106
-56
-27
3
-63
-178
-170
77
240
-176
290
53
35
-9
152
279
9
345
-311
-159
197
177
-277
-28
211
21
109
18
115
132
238
-34
68
93
256
168
-162
-305
-39
35
232
46
245
-47
198
174
170
201
28
-117
-212
-59
-62
202
-70
-84
51
239
-176
-218
-69
34
185
206
-297
225
303
-10
-389
-77
156
-277
103
143
-465
67
-113
-296
297
-707
-22
-78
187
-68
-120
-144
-91
-26
37
193
-224
101
-159
162
29
-17
236
-174
163
4
-167
-69
235
-416
-125
-65
-820
-110
-93
-950
202
-957
30
256
-171
-251
-512
-296
-250
-301
37
-305
-305
-134
-251
-67
64
-312
305
-157
-172
13
-72
-401
575
-271
106
-318
-429
538
-336
-213
-59
-273
-65
34
-213
-255
-205
-83
493
-174
292
-51
40
613
-102
30
362
-42
311
45
108
0
-41
-108
-321
83
346
-206
242
220
-53
678
-57
131
-187
244
-422
-26
341
46
132
147
-170
96
-11
95
255
-85
316
97
8
317
-219
-382
407
-23
-63
-54
125
-164
111
116
480
426
128
92
197
559
138
1
374
54
-34
40
136
294
134
264
68
156
178
265
142
293
54
3
176
120
476
252
-128
-184
241
140
72
-184
-297
-128
-176
-164
66
-215
45
-129
48
-6
18
-254
135
389
-244
-47
122
278
501
-329
-55
-111
754
392
525
-222
-337
5
-315
346
-418
-244
141
-597
-317
28
562
94
266
-644
593
865
182
-538
422
614
196
-411
161
347
731
-218
-95
-151
221
238
-82
362
122
34
18
703
303
-90
217
-109
-205
233
620
419
358
-695
297
145
325
-212
272
795
286
30
-6
248
250
231
80
264
-257
-12
63
67
-5
292
-208
-269
184
214
137
31
207
11
-235
143
165
29
-13
152
-243
29
-173
252
-476
243
-545
-35
66
143
-345
-240
2
-22
23
408
-347
-103
-212
-357
380
329
156
285
-145
349
-81
-75
-157
3
-184
-229
-186
-168
45
362
-450
133
-275
89
279
115
-230
299
160
112
-182
-180
-110
60
-76
57
182
245
221
364
-67
243
38
-124
-137
-143
-135
-21
-140
48
252
-187
-19
109
-196
-250
87
114
-273
69
146
258
-331
93
30
32
-304
-50
-87
163
-30
278
288
499
611
2
-41
-109
-201
-108
315
-23
-180
-383
-82
98
255
-39
122
-117
-447
-367
-270
479
-165
-145
-83
354
-312
258
68
69
-588
251
224
213
343
240
106
37
-119
-60
222
-86
-84
220
-281
79
24
-12
44
247
316
-549
-286
-165
-10
-352
-432
-278
68
-165
30
-30
-444
-93
120
-136
-236
-481
-22
311
335
8
-90
256
21
28
-316
-183
-234
226
-120
71
-267
-188
-149
-170
-208
-311
-488
-546
-205
-180
114
19
-169
48
-228
116
160
-262
-334
-417
-220
-384
-142
-231
-119
-100
-175
-285
-98
-74
-183
-462
-415
-151
-178
-149
124
-12
-224
109
-80
-61
277
-48
57
-422
-266
-155
-256
-279
245
-151
-244
-9
-94
664
-206
-34
-308
15
94
-68
68
25
-166
-248
134
-103
177
12
185
95
-313
-389
4
-127
162
-179
-343
-21
-180
219
19
-190
94
114
-131
641
165
6
-91
218
8
86
204
-289
94
-177
-177
110
-51
140
228
-141
261
18
218
-345
-257
-486
-542
96
63
71
7
-32
-138
-27
25
186
-18
-233
-65
-311
372
386
-447
-188
149
-165
-116
-155
-170
-139
-51
-89
-328
209
-132
-222
-193
-310
-439
195
-167
-115
-51
-281
283
70
38
251
-11
101
62
-42
89
85
-345
186
105
-130
147
34
135
-48
155
-19
116
242
40
-99
-117
-123
-445
-97
-21
-7
-194
-135
-191
-180
-80
84
-11
-237
13
27
113
205
-170
-278
109
271
133
246
44
393
21
-2
424
86
210
89
-33
98
-4
-16
158
24
114
-132
38
121
-154
207
207
205
323
-16
-112
43
49
7
-18
-137
359
106
-265
399
35
-7
613
-249
1
110
-133
15
-20
74
76
209
-117
-67
147
33
-201
142
193
222
264
-384
-117
-87
-176
-39
-120
-20
147
-164
-3
59
366
-392
331
119
53
160
-189
61
-61
12
-4
-50
17
58
175
-32
-134
215
82
145
207
-145
5
12
-135
0
262
137
-144
-258
-11
174
316
66
138
-57
27
-39
48
197
-13
-149
-200
151
-9
416
-182
-161
51
93
-105
-206
228
-88
215
-98
-290
-33
189
133
-47
-323
37
-23
84
242
60
73
-15
288
307
350
1
-195
-299
-195
43
300
-227
-154
267
194
-186
-69
7
59
64
-181
-52
23
119
173
176
288
-31
348
31
-101
264
96
235
-51
-97
84
6
-102
456
344
-178
-343
89
-31
-185
-157
293
7
30
-199
272
215
-18
-118
164
-51
184
-6
17
-20
443
31
100
-34
-26
252
96
-43
-19
-190
47
270
-73
-241
323
322
-366
41
4
225
0
5
300
-217
61
185
73
266
51
-49
-71
-5
282
-125
-345
49
57
123
128
279
28
-72
-37
45
65
-112
-193
240
-111
205
95
-217
-162
194
308
-160
-63
158
467
842
152
158
152
135
412
177
-232
27
142
210
166
261
357
-54
-112
309
-32
-119
-73
358
-84
269
-165
-182
248
430
395
-28
-26
265
398
460
272
-244
157
415
201
355
98
218
7
-215
337
43
256
33
-192
322
323
356
25
65
-268
-37
-178
-55
295
398
190
135
-72
388
150
7
-341
106
-48
196
-2
-104
177
193
15
-87
-192
-173
-102
225
111
-74
-4
-98
-122
-139
-98
-99
-84
-17
-257
-75
169
226
-62
28
-56
57
60
123
168
338
312
-9
-380
119
-186
61
-68
-63
113
-64
168
-146
216
65
154
267
-139
220
-19
257
18
-73
102
61
36
-4
307
255
99
-33
26
218
180
54
334
143
24
116
-233
60
88
126
68
10
-15
-6
-287
-37
-114
244
-121
-532
59
-106
49
120
-319
299
120
-14
-227
48
296
66
178
18
7
629
145
375
-292
-246
447
-291
202
-152
93
74
28
183
-330
-127
-98
11
-387
1
289
-245
-249
336
247
-211
-193
-119
267
-213
399
-183
-66
320
213
411
-295
340
259
165
-85
-212
100
79
156
212
-272
-90
-235
184
-265
-518
-49
-235
-96
284
590
40
173
-28
192
153
27
15
255
-67
294
160
108
18
91
114
-160
-113
305
144
-80
-59
9
160
-65
-171
96
-54
31
112
54
219
-47
313
249
199
274
253
212
35
361
95
295
321
60
-61
77
250
341
140
272
232
100
110
250
15
-26
-204
122
33
33
123
72
167
245
114
304
238
-452
6
83
41
175
-412
-255
26
-26
-379
53
-79
155
327
-97
-91
-299
96
5
164
-148
-607
161
120
-156
230
-368
-115
141
202
-301
-12
72
263
-198
-131
-781
176
-210
-89
210
-157
-216
-245
-29
19
470
107
-644
252
-331
379
-707
-626
-135
153
47
253
-276
158
-187
70
63
-15
205
51
310
130
-294
-5
-226
-221
-152
-124
-123
-147
-62
168
22
172
-291
215
-158
-28
-98
-333
-86
-201
108
120
-68
120
188
239
-96
-97
-305
-247
119
32
23
-10
-66
93
417
-28
16
37
-123
-45
-247
12
-104
-106
94
-151
74
-152
8
138
94
-174
-167
72
-49
56
-485
6
-634
-597
756
606
-518
-71
-441
-139
169
-396
47
-308
132
-145
-459
-202
-523
-360
27
286
-487
-544
-382
341
551
-311
-210
-329
410
-349
-574
-448
429
-252
658
259
404
-41
-72
-705
-888
-853
65
-513
100
-508
-665
63
64
519
-510
866
-563
-508
-889
-97
467
-625
-537
-558
970
-224
-798
-563
721
-509
151
-225
224
515
165
-21
-721
-559
10
-466
-319
-431
-423
-99
-98
-118
-455
262
-672
-149
-657
-98
243
-733
-249
60
392
-207
-134
67
383
-450
-82
-247
-340
209
23
-135
-436
-480
-263
-175
125
-389
-279
-92
116
9
-413
-333
-189
220
-629
-42
16
-505
173
-107
-48
1
36
68
-59
80
-48
-25
91
25
55
88
34
175
5
30
0
57
-22
95
-29
-19
35
-298
75
-29
-118
46
17
126
-17
25
-30
16
-91
116
-125
-285
-126
-47
-269
-92
-294
-52
62
-440
47
36
-149
-70
-58
-71
74
-17
-21
-534
-212
-354
-123
-326
17
74
-53
130
-43
81
10
-166
176
-61
252
183
-196
-26
-15
-183
66
215
47
-553
-117
-223
-78
-249
126
80
-330
-432
394
248
-372
359
317
-248
316
201
127
-186
-8
46
84
221
549
565
190
-6
156
75
-69
41
312
233
37
116
-36
-251
197
129
-262
105
30
343
-90
124
267
-40
144
184
426
-442
188
379
57
217
-58
-215
29
63
-112
-279
-464
-192
178
-44
192
-338
-188
7
506
239
-413
-277
11
353
-26
-318
-183
-41
228
96
22
125
103
-6
40
-4
244
71
-300
-86
82
-80
209
122
30
302
-124
-59
123
286
20
-11
-78
-100
-134
-40
82
66
160
2
105
-134
2
228
-115
-97
-251
84
137
-24
-491
-301
-368
-241
169
-211
89
-280
-57
72
248
159
-140
-266
-230
-142
-71
-500
215
280
-71
95
-131
125
213
697
-326
152
-447
259
294
451
235
-7
49
-242
164
-83
384
-175
176
-118
-55
18
-259
-29
-191
310
-306
-352
-9
326
110
-52
-243
-375
24
397
-7
378
84
145
-110
-83
674
86
257
230
-579
-93
125
-444
-138
-226
81
3
303
229
-483
-53
361
201
183
-34
-159
-139
152
-170
-37
-191
230
125
32
-174
-499
-235
-30
327
305
415
-339
-190
-417
-153
490
47
-150
-505
53
-17
-139
-74
394
288
-11
-162
58
-211
249
-305
-54
135
-63
-140
-95
-389
281
137
-203
-81
80
-83
159
-50
82
-81
-59
-16
-269
-310
78
33
-62
272
-11
192
105
-95
121
-130
60
-84
337
193
-390
-184
-174
-160
-18
98
-548
-344
-418
-606
-7
-480
73
-378
-340
-247
-99
161
149
-223
-123
95
-305
-182
49
292
282
-91
-302
80
-125
605
-87
-433
3
-419
388
393
347
-239
56
62
159
90
-69
-143
-159
-11
-139
289
-101
63
-394
296
-11
-186
91
-201
39
-331
-80
-107
4
-176
-91
-77
-85
-281
119
-267
530
51
-259
248
-508
153
-150
-87
-46
-430
-634
-90
44
-143
-29
462
-119
68
-271
-506
7
-179
-469
-208
410
39
25
83
11
-333
19
-141
152
294
146
-7
158
-56
-489
-53
53
-2
69
-349
-13
-486
239
92
113
263
137
-118
394
-66
-290
-471
210
-470
-104
168
36
-171
96
307
-94
4
-109
-418
-265
-595
-182
-241
169
-10
-8
69
3
26
-19
-110
-172
45
-350
-153
57
51
-141
-233
-22
271
-485
-297
-139
-467
138
42
-65
332
-167
-677
46
-582
104
-465
-251
-254
-518
-28
55
-222
-122
59
-410
265
-237
58
31
-157
-74
-228
27
-62
-395
-378
-10
-547
263
-175
144
-140
30
-85
20
-237
18
67
-184
-352
-401
57
-146
193
67
299
-134
230
-68
302
-45
-715
-332
-40
121
-109
-134
-404
-244
-48
2
-153
209
31
-123
202
-93
188
-436
-130
-193
-37
-165
-219
-226
-66
-56
-48
-42
-68
-105
-79
61
-324
-205
-219
-147
-227
220
27
-30
186
-127
99
-119
182
-73
-221
156
-154
-86
152
-1
-89
126
-302
-22
-86
-116
-67
59
-70
130
96
135
210
216
88
-51
-203
-235
-16
6
118
13
-280
-198
95
-51
-628
-104
-407
-267
-268
118
27
17
-187
161
5
66
169
-270
-21
-103
-63
148
38
123
-410
142
-233
-99
218
380
115
67
-34
392
256
39
-572
165
-720
-392
-519
77
58
196
-273
68
21
393
-20
-228
93
-30
109
294
333
237
-37
205
86
438
86
622
387
106
318
162
571
85
-124
104
-137
-209
-274
101
151
228
419
271
172
-139
-158
269
339
-77
288
120
573
652
279
13
-117
633
101
221
74
116
155
212
-611
37
141
387
629
84
173
66
77
538
144
-353
141
-293
-169
227
-118
245
230
-4
194
343
373
-127
348
343
-96
-179
179
-84
57
132
33
161
153
431
197
52
80
187
409
138
39
-310
-137
200
-145
237
-110
368
35
-24
274
116
6
-291
210
127
-32
-63
138
-9
4
118
-120
164
173
-37
198
18
125
21
-19
70
63
32
-64
-30
172
132
-42
138
97
197
-30
-73
40
-63
-8
346
-28
-107
14
-82
-40
471
-81
-82
288
319
225
4
251
113
53
-52
130
125
-5
-28
13
252
254
-50
36
119
38
-76
76
131
108
-1
-249
-203
190
91
332
537
-137
-203
431
-161
150
50
2
-217
-65
36
-156
223
257
-27
-68
143
65
-43
-29
48
283
-29
-131
111
-53
-336
123
-23
299
-43
44
131
40
22
434
21
-23
113
82
14
-157
117
65
-287
-299
62
-268
-2
-94
16
-177
-136
64
57
76
-182
187
174
196
2
314
-300
96
-164
115
70
-67
148
245
231
14
237
-98
144
333
63
188
-26
122
148
381
-44
130
-106
247
136
91
-115
-185
-15
23
-327
184
10
-23
-137
-209
336
172
-3
315
124
91
129
104
105
116
1
19
5
58
-124
-106
25
190
293
106
-375
41
55
39
-430
145
-318
165
150
236
-366
59
-97
240
51
486
339
-338
-75
298
476
238
-99
94
-85
203
-227
-232
28
7
276
-117
-704
392
178
396
-160
337
-489
460
40
265
14
-538
120
117
-46
478
2
93
327
37
309
124
111
728
-262
632
96
-343
-31
230
309
-219
-389
253
164
597
257
348
130
293
-293
84
474
-267
-56
-180
-347
305
157
-287
530
-63
-296
25
-249
79
-129
179
95
192
291
14
-401
182
82
-313
461
308
-107
151
256
382
-312
-169
333
46
434
-2
-311
220
-82
-286
-181
-9
-296
-199
-216
-59
-141
39
-199
-197
278
192
-3
172
246
-106
-203
17
-277
46
-394
-98
-41
-16
182
86
309
27
-185
223
34
-35
-208
21
-194
54
-42
-124
-106
69
-66
3
-93
191
31
-27
-308
55
161
344
-1355
-819
-19
109
112
496
403
-93
67
-371
264
-287
109
-461
-726
-306
-117
444
125
-420
-77
407
-697
-282
-168
503
166
-371
-356
-193
162
183
-583
-790
116
-250
467
326
523
-504
-78
-224
-88
148
158
29
-681
-411
-346
468
18
101
-301
699
-34
-420
-345
360
37
-466
-426
-148
281
-54
74
221
-195
166
292
17
432
259
463
404
41
198
-57
152
219
-272
-344
322
-30
-240
-33
-39
108
419
110
-516
98
214
-368
344
137
110
332
228
218
-69
24
-260
482
265
590
358
-25
-237
-31
-172
493
405
17
-29
143
-134
31
263
391
297
376
-193
479
-32
225
121
-75
-34
-82
177
-281
14
-106
-120
7
-230
-24
75
-65
-130
-70
-347
-54
53
202
88
-69
-83
-59
-249
109
-48
79
-60
140
142
-284
-104
13
255
-160
-267
-346
-38
-360
-281
383
-243
96
26
213
282
122
-523
-488
-557
-294
78
-123
-120
-210
222
232
6
-172
-119
123
-334
1
-210
-69
-108
-81
-376
117
-384
11
-157
449
-15
-625
-55
153
-285
-238
-270
-337
-335
-636
265
103
19
-203
125
166
102
-337
291
-122
-420
-269
-431
65
-155
32
297
-55
119
76
116
8
-9
-336
-97
-133
318
-420
-218
93
-81
-67
-106
-85
-164
-139
31
420
121
-80
-60
274
-402
-153
-305
-70
76
-19
141
25
192
47
192
85
134
-215
-162
30
-121
-99
-106
76
2
388
12
-44
-78
-161
306
13
-29
-172
568
400
93
-86
89
181
55
-134
-30
154
-72
106
-99
-171
148
-240
-285
-134
-140
25
-396
83
24
-77
134
245
-205
107
186
72
54
68
93
250
151
-112
-405
254
105
-133
209
16
-146
-303
58
380
209
-38
-171
91
-351
41
-642
-97
-74
254
9
288
-239
-81
-323
376
136
-9
205
-320
200
227
-370
-10
-75
157
313
-196
73
-158
106
-173
122
-248
22
232
-34
-83
-285
-51
-17
301
472
133
-28
-230
-273
176
104
-273
332
-15
-55
561
-12
-416
134
440
-41
-207
265
-8
-13
-21
-421
-302
220
336
414
3
-172
-109
80
67
500
-273
44
-466
-134
211
-196
156
198
75
102
378
482
-60
329
-113
-249
-380
50
149
118
-558
-526
101
29
163
456
336
-2
-330
-247
-106
384
-367
-189
-87
-321
-147
-440
-77
99
-93
-150
-5
663
-375
-135
-111
-101
-120
-236
-47
-62
-283
-241
-251
-231
-321
13
2
-176
-91
-217
-230
-19
-19
49
-140
26
-98
-98
-310
-249
-11
-138
-96
5
-109
-36
142
-123
49
-33
106
26
-350
131
-222
-277
-229
212
130
-261
-251
-90
-285
133
-127
-34
-304
-15
-5
50
2
97
70
-47
-59
-122
305
-163
110
-269
97
105
103
-53
-502
-117
-203
24
-32
124
204
-193
-502
-183
382
-77
-243
158
-331
-388
-97
-377
-276
-162
32
-116
-51
324
224
-115
-273
-259
-40
194
-219
-318
-113
-318
-151
203
-92
107
446
-50
-51
-68
351
145
-278
-104
-75
-512
-389
-401
23
-180
-172
30
89
483
-316
128
-187
-497
-88
273
-302
-234
-105
14
92
135
-117
202
241
-188
-369
-281
176
552
-326
18
-240
-263
-452
-406
-184
-232
-93
207
-286
347
-94
-143
-188
-63
242
-424
-21
-244
-237
281
-418
-662
-207
-437
-265
-391
-120
-118
-236
-218
39
29
-202
394
-182
37
-162
-95
228
-142
226
-341
-17
216
251
-49
338
19
64
100
-124
285
-126
113
-33
-148
107
34
117
-75
146
-397
108
156
-117
-163
-98
166
-260
-192
70
137
27
272
199
130
239
-38
-124
132
166
-276
651
85
111
311
-364
70
294
152
157
52
256
84
169
189
-29
0
-108
109
160
-273
-253
-119
15
409
-98
317
231
186
-117
166
-264
-348
307
-216
187
512
-266
-78
287
98
162
52
109
-171
-244
-161
-481
-238
110
219
348
16
-307
-159
285
91
-513
301
434
-166
-80
276
-441
-566
313
-72
705
629
-139
275
196
404
71
257
53
-336
-348
-320
-625
-144
73
-210
285
301
-119
9
61
411
-469
267
-234
-38
169
14
-5
-78
-292
279
-246
16
127
59
-19
-63
-121
-3
162
-34
99
77
169
46
29
5
165
16
178
88
-179
51
158
490
129
119
132
289
217
-82
-4
86
65
35
238
254
156
-65
175
112
341
11
194
84
115
-277
140
-81
214
43
-70
379
-98
304
266
-384
72
245
-308
-119
104
-234
630
92
88
-279
-363
-127
-9
87
303
-10
-250
-38
486
-20
-279
28
3
11
198
-127
-349
7
-9
-40
-94
119
8
249
-476
-525
-600
-555
527
-106
-47
303
-215
34
-274
6
124
-299
-450
-326
-231
-791
-307
-40
164
257
-178
-503
-457
5
-111
-401
-493
-21
131
262
-182
82
-326
-486
97
186
664
519
65
75
-613
124
377
122
116
-999
-212
-273
-271
-28
133
93
6
-133
289
-211
177
-21
-430
-27
-72
202
41
-88
167
293
-68
29
74
-46
-104
-368
-34
-126
180
-70
-166
-140
-161
-128
-91
106
-142
-9
-3
234
-121
-116
-51
-101
74
-161
-15
127
-91
224
-68
52
7
-184
246
-93
-84
403
199
-120
35
-44
35
137
-14
139
-171
-19
190
200
25
-4
-323
-144
179
1
-148
-175
142
3
-318
136
-271
98
259
136
-149
44
-86
113
-154
132
231
100
120
159
2
-137
-155
-340
169
90
52
-239
-142
90
-111
-176
-257
-29
122
-70
-245
21
-396
-386
486
38
174
-94
-93
100
-118
-178
299
62
-79
-39
-116
-452
-138
-292
389
206
193
-6
35
38
90
-6
-327
233
33
-218
-206
215
-194
-61
-12
278
428
457
32
415
35
-18
79
-168
277
57
-372
-366
-267
-210
-156
79
94
300
-67
-22
-47
164
-194
-268
-121
-252
-66
-163
37
-6
87
-283
-61
157
-138
-35
33
34
-248
-85
-43
-126
-108
-136
-37
-21
-151
112
-146
-18
-52
-226
-220
-156
-38
-214
138
28
-123
123
-291
-289
207
113
40
351
-497
785
196
24
297
-108
-76
132
-120
-3
-187
-66
249
99
-113
-105
-471
16
98
83
-308
160
99
135
-594
4
-509
-294
210
-455
54
-106
-6
397
55
98
134
136
-210
77
64
-66
-323
-296
389
105
24
69
-687
24
-149
173
-763
66
-152
68
-603
218
-354
-23
-79
-423
16
265
215
218
11
-181
-101
-20
-59
-218
-92
-120
-194
-415
81
-194
180
19
-476
-263
-368
87
-635
-17
-194
-148
-605
-108
-241
-107
-238
-361
342
447
-230
620
130
-23
85
20
-265
122
-704
-405
-434
-249
53
-589
-64
-122
-262
-229
-265
262
-296
-9
108
10
-3
27
20
25
16
36
-27
0
222
19
5
186
-27
56
148
167
22
-81
52
29
123
-101
296
161
-19
72
-43
25
-15
203
192
-164
-95
179
-47
-76
576
-2
435
319
-21
360
-178
139
113
214
287
140
140
-59
-268
29
96
-165
79
186
-166
-154
12
57
-8
-185
-57
121
-37
69
-42
-247
595
-15
269
340
-309
102
-245
143
549
-84
-71
227
-51
-75
281
397
54
50
26
-150
-176
-55
-64
-289
-198
-48
-42
282
-3
-292
162
-109
120
124
158
356
-203
56
-408
-54
118
-20
-30
-290
-72
-96
-16
260
351
-76
15
62
-220
60
69
-392
123
-471
-162
239
-19
-516
-228
117
398
-26
-125
-68
-139
62
-312
-187
272
147
-351
-478
118
-8
53
183
-18
238
-8
-236
-70
-283
280
-356
-357
80
3
116
-288
534
-320
-69
292
-376
568
392
-245
429
182
90
209
201
363
14
-109
-86
-133
205
32
-69
147
-20
35
244
-234
379
-111
-69
9
-9
-333
205
259
275
380
-223
144
177
149
328
195
286
23
170
315
199
313
252
117
180
-124
-146
260
-38
-6
68
-344
311
153
-165
-167
4
83
171
-78
-171
-277
-256
211
-156
348
-26
-91
133
-57
209
177
-234
-138
80
26
771
27
-199
166
111
154
-213
-319
-158
55
-439
-331
-29
445
-392
-114
64
-171
212
163
-513
354
-62
-580
-294
68
-67
10
-164
257
318
361
224
-167
158
188
208
-133
342
-196
-271
441
-66
-463
-9
105
-219
186
84
303
107
-521
-504
7
-319
-285
-474
28
48
-130
98
13
106
401
211
-45
-106
-72
-183
-108
-369
-58
-245
148
-144
-341
-110
-676
70
-142
123
201
-267
288
282
-90
329
388
157
-146
71
237
124
-269
-387
-144
224
-249
-519
-56
161
-238
-138
-382
116
-96
-159
-503
104
-175
230
8
159
340
-340
352
354
-164
20
19
-238
-467
-235
-37
423
-476
-327
-341
561
-256
-32
-333
527
203
-253
-98
-100
135
141
58
-342
599
306
-374
76
-500
-176
248
424
64
312
110
-18
-423
234
495
393
-359
26
42
-57
-338
-266
-264
113
-38
12
224
307
-193
-269
307
-47
298
521
236
139
-283
482
33
-239
136
-48
126
5
86
452
661
-44
206
381
-21
-355
-57
82
443
103
103
169
148
41
49
61
232
215
321
161
239
14
248
54
-320
-163
44
102
450
86
164
444
306
317
208
204
-57
41
-9
-89
289
-346
-260
67
220
130
127
-349
-31
-245
-237
62
-282
-128
174
-290
-178
171
-457
362
318
-153
-324
67
13
72
0
-117
-101
323
-123
-90
-84
-151
52
-1
-272
-16
-107
34
260
-131
100
338
-386
-594
658
-142
382
383
-544
49
-255
101
-140
-161
-119
-124
173
-57
131
27
41
-203
-68
-428
-307
-53
-293
-179
-218
89
334
171
-298
145
-604
-269
290
-212
372
764
59
338
-81
620
-6
197
51
-239
-200
-160
-289
-91
429
-388
-146
-30
-131
509
248
-53
-640
94
288
515
-64
437
306
209
-113
210
-193
164
-164
86
157
90
262
298
148
-40
-239
198
49
-34
-349
-89
-79
157
-128
289
23
-97
29
-17
228
142
102
55
310
86
-183
-291
-168
63
-19
-123
195
-38
176
38
124
473
-153
160
-45
285
-91
-306
-267
57
50
-148
-78
368
302
47
-62
-54
-243
-394
-13
-104
165
29
-188
-27
53
329
242
-25
-171
-4
-92
278
37
-214
-67
-452
14
-175
-9
-72
-35
-196
-137
74
-85
359
-100
-244
-397
-96
-231
-136
-27
-195
-72
689
315
14
-118
234
-210
-220
-246
150
-209
-334
142
-322
240
-155
-97
74
-180
-375
-194
-99
-148
33
-203
-90
-438
-336
-108
152
-26
-326
-223
-321
105
-159
105
-49
244
-141
-510
50
-671
-158
89
286
-241
-228
-332
94
338
-432
-182
-152
105
-215
-684
-312
21
-441
178
111
-106
309
-288
-530
-443
-381
241
151
-11
-422
-635
368
-60
81
110
-52
-273
202
-132
188
26
-144
-165
-452
375
90
-295
-63
242
-266
155
-130
-110
-4
-270
-382
-352
-434
-37
-294
-281
-422
-209
65
80
-107
-204
-241
-236
69
-175
-13
70
-437
-244
137
243
43
55
130
63
30
297
73
48
127
-13
-23
13
-141
8
28
110
-60
43
12
39
-8
46
-241
-71
-3
46
-144
85
-25
-19
-33
151
-17
-150
102
283
64
126
91
137
-2
141
22
-268
-286
23
225
198
-46
168
-25
232
122
60
232
-136
328
-105
301
-100
-27
164
22
142
-169
-259
69
116
-68
333
217
-603
207
-19
151
-299
-422
133
-171
-184
133
-31
198
107
330
-222
-7
-101
-287
2
52
-1
157
-229
187
224
165
-103
5
-214
395
460
348
-302
42
-176
-136
39
151
403
-340
-362
-23
-156
739
92
443
-190
254
4
-111
-31
188
185
-55
-255
91
130
-68
-11
-5
32
573
437
358
-231
13
163
79
-192
134
389
-142
-87
-37
-124
638
-65
412
-239
146
116
-207
-191
-233
-177
-93
-127
449
353
-173
94
-44
-67
215
118
-138
362
147
202
127
-316
104
301
98
121
145
-136
92
176
132
15
-98
4
14
-48
-206
44
-23
-199
239
-84
-262
310
237
-491
167
-305
-2
313
10
40
113
250
176
-217
39
43
365
51
-1
-124
221
-49
-138
79
-186
232
-250
-86
79
-182
3
-101
48
-156
-265
-40
-106
-263
-174
-198
267
-165
189
139
577
-102
-13
-159
2
-28
-224
-197
-28
-89
202
114
-28
166
275
-233
-127
-322
-81
-67
1006
-31
-144
-37
47
-226
113
-495
-664
-460
31
525
632
399
233
-523
274
333
488
-430
-122
447
-52
-639
-546
-120
404
-271
-107
-98
124
-192
1093
58
78
56
223
-167
76
-262
-478
-226
-19
509
644
180
-176
-348
138
314
518
-348
-227
187
-157
-100
-477
412
235
-260
74
-130
467
-227
-300
79
-179
-263
49
-145
-17
340
-150
225
74
-434
243
290
438
40
156
47
259
-22
123
-217
-74
220
-53
10
-345
-146
-111
108
345
-199
-420
-80
-18
-590
-455
-29
84
444
-203
-100
50
-438
-106
-38
440
-62
-204
-263
-41
61
51
-255
450
77
-213
-408
-238
-451
-189
-377
-39
-105
-193
-126
111
362
129
180
252
-151
377
-80
-369
23
-110
-16
-193
-323
-271
74
29
-296
-457
13
536
-112
57
-573
506
740
-320
-29
-201
552
-93
349
166
137
176
129
271
152
-836
174
-204
-376
-87
358
540
436
-19
205
-15
4
102
-201
556
369
82
192
64
-511
189
674
552
-47
-510
336
268
-350
-696
-687
-297
330
-664
93
38
-166
-139
128
454
245
-23
-147
-286
-122
-95
220
-318
448
138
-153
-89
-671
60
430
-163
-423
-46
209
-7
-178
-72
-149
-176
567
-205
333
284
-204
447
168
17
-39
21
194
305
-112
-40
-73
465
-150
72
7
-160
115
-16
-171
304
-149
-85
270
-158
-403
-42
-567
-67
355
-160
216
-107
-300
115
-14
-182
-270
-258
-134
-75
17
105
-152
76
380
91
110
-109
-78
26
-344
-527
-238
38
-74
-361
458
-28
68
177
540
727
156
146
-434
375
222
87
-307
-50
-150
361
-441
-185
76
95
43
109
-66
2
301
270
-184
14
-108
-623
360
28
-216
-182
242
11
543
31
114
522
-124
-280
-101
89
243
34
33
-241
391
51
-47
572
234
421
-393
-88
-137
-168
39
104
-14
-914
-95
137
-347
-465
129
-21
443
-113
-534
-567
-165
-685
-633
80
-79
-49
86
-188
291
100
-71
333
445
251
-531
-157
269
61
-131
-445
255
127
286
48
27
-210
-61
-171
33
37
48
193
-57
466
49
-19
188
1
60
-31
121
71
-62
270
155
87
439
-74
-28
41
28
97
-132
95
287
42
46
-95
-157
-278
221
250
221
-63
-203
154
-119
218
-21
394
196
-129
-36
108
221
-107
30
9
264
168
-112
120
-153
154
-190
317
212
80
-103
296
63
-8
-207
297
324
171
129
282
206
121
-129
140
422
-335
215
-255
305
-269
-19
101
-177
463
-209
276
32
98
-125
41
-224
-372
-114
337
-15
83
-305
-402
-205
-244
138
425
105
107
-575
27
337
478
-1
-225
166
406
-265
-493
-216
-58
138
479
108
179
99
80
-253
-443
-521
100
405
216
-669
-426
-362
-621
-99
-563
-41
-380
-814
-368
-187
500
-182
-204
-55
337
-389
-478
-677
157
201
-66
-271
117
170
40
-281
-65
-36
-131
-140
-3
-436
-71
-230
-328
72
-187
13
-131
-78
-108
-105
36
-88
-80
-99
-500
-58
-21
-21
-260
-93
-26
30
-69
-155
146
-185
-219
12
-47
-527
-223
-421
168
116
-142
25
248
-63
-28
-97
-85
61
171
-69
-139
173
-73
-125
-61
87
179
-105
-264
-34
-78
-490
140
175
287
97
-26
-689
-159
-132
217
159
68
-237
158
-125
253
-93
345
121
118
-22
-3
129
-288
39
-158
128
155
-334
186
-120
6
-448
-15
76
-121
-53
-244
-375
-443
155
-65
-148
594
15
54
-96
49
-163
443
400
38
-120
166
86
-295
31
-146
95
164
-551
189
105
20
-826
-156
216
-275
-30
-187
-273
18
149
-46
17
-75
-120
279
-146
79
-259
297
329
-421
-319
-7
165
-52
78
-124
188
-233
-289
226
-62
-41
-185
-108
-402
-78
-53
-423
200
43
-195
19
-256
-295
9
-694
-211
-47
-144
-139
-105
-168
-216
-166
-97
40
-385
-189
-283
32
-180
-92
232
-322
243
108
-354
-277
-262
-122
-262
125
-60
-105
-58
-123
196
-272
-93
379
-379
-125
-93
207
-474
-626
180
-211
-262
-498
24
38
30
-143
-95
-124
-377
-100
29
180
-138
173
-187
-25
-795
287
-163
-28
51
54
-31
29
192
-3
167
8
-395
-566
332
-534
-87
159
-122
354
-72
199
-113
-276
102
-463
-182
-41
122
36
-391
230
-290
-495
-250
-184
2
38
-252
231
-60
-113
667
-71
-157
301
74
-457
148
64
81
145
-483
-124
312
207
42
-528
90
143
-181
156
-226
-305
-19
-55
184
114
-356
-92
-13
335
20
-57
400
-218
-1
79
34
179
34
-237
152
-65
-407
171
79
290
-303
-397
-103
-47
15
-376
43
-143
425
-5
237
-104
-507
171
-52
-149
-76
-2
-297
-59
7
125
-167
-67
166
17
-211
-583
-46
-269
-42
-223
102
-421
-71
-257
320
64
-298
-205
964
149
647
138
-127
-121
-277
-22
-176
14
-42
-58
195
-8
-82
322
-131
247
-163
-22
-203
-403
-77
42
116
-186
-310
-206
132
201
-143
-150
-456
127
244
389
101
192
292
11
-170
-158
-33
1
-124
-85
225
-376
-379
348
-379
543
-256
317
-69
233
205
-336
-160
92
63
2
-388
123
167
-633
257
203
-405
-17
130
140
175
-20
-47
95
263
104
-89
-179
103
34
-313
25
-821
429
340
224
-159
-129
35
215
136
77
-428
-329
507
-257
99
470
-747
122
-159
-278
57
-114
-148
133
85
-26
-487
205
377
9
-143
-198
-282
-149
231
251
-485
-492
440
320
27
96
-462
-394
193
-89
58
31
-491
51
-454
83
286
145
-174
-220
467
298
-300
-54
550
135
59
-558
-367
-143
-19
91
-112
-642
130
289
-235
315
-642
-733
816
250
359
450
-418
461
-406
64
5
83
-12
-550
-46
181
-3
7
477
42
8
-592
-173
187
-122
85
-329
-485
-137
-95
-94
107
-685
-177
137
122
40
359
-168
483
1
70
83
-310
-129
-225
420
54
137
-263
357
358
186
31
-308
15
303
-126
-338
-151
-415
-201
-88
-382
68
249
247
200
-233
-275
-267
-41
-186
-480
-162
-356
-191
-223
119
-462
316
-112
-33
103
-68
-38
-19
-90
62
-591
140
-189
-560
-383
48
-713
195
-133
163
369
-265
-76
-350
-346
-288
-594
-328
-295
-203
130
229
77
-105
104
-83
62
-280
-115
164
-468
-319
-322
30
95
405
123
-257
204
-272
-115
199
249
259
210
-92
384
87
332
90
59
59
23
87
100
-33
175
101
116
306
-185
-250
-275
-303
270
-83
577
395
321
-149
82
-442
-350
334
-58
220
229
537
943
147
314
196
249
185
349
-46
-175
24
-186
519
110
203
115
-128
-97
-493
546
-389
562
-51
150
-765
-13
70
275
109
-206
-172
-81
690
850
248
138
0
-94
-6
418
-336
-329
119
-349
232
-119
390
254
228
26
-256
-80
-237
110
-462
-249
-426
-214
-46
230
-166
76
-472
-132
291
237
71
-276
-448
51
-72
122
-147
-27
221
-182
52
-274
-137
400
-58
-239
-47
-342
107
118
-511
-290
217
-157
274
401
-254
-55
-238
-471
242
-360
12
-500
-455
-367
-173
389
-156
-115
-156
162
-21
121
-83
91
213
-317
66
-220
299
234
-16
52
97
-212
34
17
-225
46
-214
-170
68
104
-1
-161
-24
63
-12
98
-28
-87
14
122
28
41
94
-58
180
55
90
-19
-1
2
-3
-72
106
-17
-196
135
59
100
266
27
190
204
-31
370
-4
41
273
165
7
-7
171
10
115
72
201
200
-259
-15
128
-147
-151
53
179
-167
40
-61
-417
47
-102
197
172
327
-19
331
-54
372
68
103
116
-141
-31
24
99
-141
-92
-200
-161
8
-395
379
-205
-46
-199
38
121
229
21
30
-252
102
-274
173
-120
200
72
66
163
-57
-44
-19
222
135
58
202
169
-210
2
-60
-38
212
-231
252
88
166
-246
-139
4
-256
-76
-8
26
-121
129
8
16
-30
125
207
73
-323
-135
110
37
148
152
124
188
-52
30
-240
-87
-214
-11
-271
-301
29
-13
-181
166
154
4
214
-174
-52
194
164
4
174
-9
53
-138
137
83
265
81
-67
-90
-64
114
-42
-58
-245
-61
161
124
119
-123
11
-23
-255
178
234
38
-120
38
-179
-115
66
333
7
-124
227
-36
89
-70
272
156
48
-182
250
193
215
189
-28
243
-118
23
11
267
-35
-159
-84
586
325
20
-42
-354
-154
-254
184
-109
65
-131
142
-60
-22
187
197
146
-141
-50
-113
195
-85
361
-36
585
22
-603
423
99
94
-572
-291
232
234
-55
-282
-494
-120
-413
-183
-225
-305
316
-40
-261
589
-67
399
771
57
-216
-282
494
-37
-80
-416
203
19
-207
263
102
270
-120
120
108
43
-78
7
150
195
-262
-30
-138
-302
315
265
21
98
-369
345
466
339
71
256
260
329
-232
-47
-24
-100
-135
166
-200
415
-73
-291
182
-90
-374
269
-492
-259
529
-345
27
418
-122
208
286
413
57
140
66
413
-38
210
-17
-187
113
-214
-255
-468
-175
57
97
558
-436
-312
-92
-135
65
-127
243
44
283
136
205
205
72
78
-357
330
-96
-209
-51
70
-93
-369
5
149
108
90
-244
-272
87
268
-85
-155
-183
-37
-156
125
8
11
-26
-46
-210
418
-116
-315
114
-110
102
-42
-166
-384
-150
167
-131
-410
215
-365
40
702
-225
345
402
122
479
10
-22
-513
-53
-287
499
178
93
379
-186
-837
102
-102
272
-100
112
579
53
109
-35
40
8
105
193
-295
136
-205
-106
177
-251
-140
610
327
203
-276
253
94
-111
179
-451
98
176
-521
23
161
-171
2
511
479
-20
57
-233
389
-43
-11
-76
-547
145
106
-75
47
-513
242
188
413
-539
85
60
-144
-352
-173
-394
-219
422
-62
-113
351
-234
409
90
115
5
-80
-20
51
-53
-104
-382
343
198
-304
7
-167
-203
-343
-64
155
-5
-271
484
140
-115
7
-280
-228
220
-315
500
610
-342
410
29
157
75
26
-108
-136
-301
83
85
390
145
-306
-14
-410
-196
-102
-80
-37
-406
-292
-168
236
32
-220
-364
362
-230
404
-133
109
-379
-17
126
65
27
-219
-355
99
-65
-381
90
-473
326
191
-399
-47
-197
366
205
-334
23
-490
125
149
20
-143
-332
-273
505
-207
95
419
-86
39
50
402
326
-279
-239
-427
119
5
-43
68
345
343
-111
-214
-286
-191
416
-99
-132
-782
270
65
-312
-753
0
-307
281
-149
-371
154
-27
-306
-346
73
339
76
-543
-697
14
-261
-47
18
320
213
-156
-359
-179
-189
73
-642
-186
55
257
-208
-2
-266
-17
30
110
-61
-382
-209
-90
65
-131
-256
32
21
-259
-96
-9
48
14
189
282
-19
317
109
-188
-278
-61
-125
-101
-238
121
109
24
-170
-367
-378
138
-179
27
72
-112
295
-14
65
-1
105
-182
6
81
23
-109
294
348
22
199
-7
-260
10
53
-237
94
-79
273
-187
-485
-186
-382
-194
-137
-77
-71
366
283
230
-460
90
-88
298
102
-318
-185
-278
502
-536
-167
-213
330
-106
-65
148
-325
-222
-114
-220
-335
-173
-533
112
169
-6
-397
-189
-297
-298
449
-484
-281
42
58
238
-8
96
53
-226
465
291
226
302
37
258
254
19
-328
-226
15
-190
-449
-337
-302
-115
322
384
-590
-5
-551
-1004
-283
-872
-23
-292
-758
-379
-319
205
69
-86
59
387
16
10
-654
234
310
-27
-347
-372
366
144
-195
-40
-126
-226
-224
-18
-342
-34
-316
-188
209
148
3
-182
-40
-84
-98
17
-107
23
-63
54
-5
-95
-64
127
99
-118
-119
-5
-217
92
-87
15
-99
-22
-363
-9
-1097
138
-394
-691
-5
-130
-83
-174
-127
174
179
125
-263
44
69
-365
-36
-187
22
150
56
225
-33
-124
-244
114
306
-14
-158
540
-426
-214
-386
-413
-379
-309
189
50
-57
149
-112
-10
257
354
-414
-35
195
-519
217
-102
207
227
8
106
67
453
-250
17
220
100
96
336
-593
-126
-159
-231
64
523
114
110
452
336
-10
463
558
675
-245
-115
157
-666
141
-262
111
173
-272
488
143
507
-564
-364
-24
-456
-69
382
-166
-9
-98
-105
85
198
-321
-251
380
-93
-390
149
-98
145
-163
-43
34
34
-664
-352
11
-106
-357
200
-102
289
-173
122
-213
-112
499
-557
36
-106
-200
136
-732
-633
213
-499
-140
-396
-211
-169
-189
-242
-122
-106
18
-273
-307
-224
-231
241
48
71
518
-416
288
-37
-82
-504
447
-160
-176
290
-257
8
-443
-494
25
-546
-41
76
-241
-222
-181
-331
-306
-359
51
31
-275
-73
-172
2
245
243
572
266
20
100
312
80
92
51
-111
-55
-385
78
-202
-217
-42
-360
275
115
81
205
223
-108
28
-542
310
-788
261
383
1
174
-51
-52
163
74
-27
-770
164
-223
-210
25
-210
235
291
-98
53
379
-183
161
-51
269
-110
272
138
-64
-292
-325
-17
-626
280
-13
65
-111
-715
28
9
280
-650
-666
39
-15
-269
77
-326
-570
-4
-53
249
506
-706
21
128
269
146
-31
100
74
-49
-74
-480
-282
-128
-196
-182
-377
-633
2
-61
242
-513
-385
-393
-207
279
-108
-46
-107
-64
339
-152
-198
-521
-56
-3
-177
38
-46
-303
-214
255
-51
303
-13
300
-99
-213
-476
-224
194
410
-235
-20
-287
190
90
169
462
167
-199
235
363
88
151
-409
111
-226
459
444
239
218
-181
104
247
-183
-6
23
394
167
-283
209
-161
6
530
57
-103
173
189
-113
241
144
-247
-782
227
253
237
191
158
82
402
299
133
291
-200
321
276
551
-412
-153
-77
17
210
-270
-14
-356
378
-42
1
-93
-80
-499
-325
-308
-202
191
-276
-314
85
-165
568
373
-285
158
-33
207
160
121
-236
-151
-23
18
-274
-59
151
-753
57
136
-170
-192
21
-592
50
-225
-298
51
-159
157
-221
-365
400
-200
582
-206
-394
-123
91
-3
-480
-16
-67
-155
271
-39
79
-358
-129
-251
-509
-2
-243
23
-220
245
142
29
-135
-666
-119
-59
-434
-138
2
-504
-20
-246
276
81
-26
-141
-22
-117
120
-250
-299
75
-198
-41
-365
-304
-211
-214
123
-315
-490
120
319
272
199
-572
-763
82
-194
350
179
-464
-64
-176
336
193
131
423
-154
-333
155
249
-166
78
-297
185
-773
-190
235
-154
98
-198
39
370
-85
-461
142
-387
50
150
-355
255
90
-155
382
114
170
22
158
292
-136
-288
90
203
116
-268
-445
77
107
-175
301
92
426
-159
-192
-734
-43
-167
-67
119
185
-93
403
8
-293
152
-200
183
-409
11
-250
-305
315
-71
97
-132
409
-435
-80
-532
110
-254
291
-79
-324
114
-57
-452
-246
200
-800
-143
120
-448
-76
-490
-488
-322
-270
-387
-701
-130
-382
-354
-124
109
-9
4
-463
458
191
-226
-368
-325
-292
-222
-602
1
174
-65
-140
-233
-154
-52
-20
-92
-676
-18
88
-26
-128
-72
-56
-331
-71
-235
20
-55
-48
-158
250
205
-19
92
-36
-158
-473
-139
-26
-172
345
-70
245
-573
-119
-80
-14
73
-526
358
470
465
423
-31
206
193
138
-256
145
-151
-137
79
76
473
-339
213
337
-141
-260
-229
40
-198
320
312
-110
-132
106
343
42
-20
-233
-69
368
128
248
168
163
35
229
-109
147
-399
254
-22
-32
426
-360
294
349
172
-105
-447
-114
161
-5
82
-454
-224
280
-111
18
-110
119
73
-288
83
-335
-38
-127
-189
-75
-321
108
-113
205
-205
-107
-455
-56
-21
271
-323
-236
-220
38
-4
10
-194
217
362
-418
-73
-22
170
441
118
-309
-84
-435
-181
-165
643
-198
-72
-239
35
-256
13
-541
158
421
156
-109
136
236
11
-152
189
-111
-155
59
168
-181
57
4
-155
135
-96
-151
-215
-238
1
-324
31
-139
-90
-232
-65
-49
-255
157
-35
86
-96
-44
76
-61
132
-34
66
102
89
-196
127
-132
-114
81
-430
34
-237
-401
277
-57
229
99
-200
-77
207
87
60
258
124
-153
-26
96
155
27
-187
7
-8
-24
64
132
105
-286
-71
270
-147
-88
-561
-18
-100
-25
-35
-124
321
434
-299
78
351
418
-405
-89
-47
-9
37
-234
131
-121
420
421
-179
533
-65
35
281
94
22
458
-197
14
-320
131
143
334
-5
393
537
140
101
204
406
684
-215
221
103
-378
-205
-400
88
306
-251
321
-17
529
-272
88
-24
-20
26
606
36
154
-65
-14
250
-41
416
257
426
89
33
-3
373
490
-126
247
42
-30
-167
-228
319
85
-197
212
-317
473
-9
-26
-77
130
101
-182
-167
-111
246
259
-130
-58
-248
-628
-344
-61
133
-67
-227
-338
55
115
-17
202
19
-31
-227
-162
212
-97
158
-247
-185
-59
214
-188
292
-212
147
97
-513
218
-432
-248
60
-208
-207
-154
177
33
-257
-117
-114
244
-33
21
-90
379
-254
-79
170
48
271
-389
108
101
613
346
-5
362
148
118
-365
8
-143
212
49
85
-83
280
324
218
323
-126
-18
-268
-144
-154
56
374
272
-71
-19
-2
86
218
141
-56
347
299
-342
260
-223
20
222
-559
229
259
-461
423
421
711
280
377
630
69
-92
-284
-109
46
-242
-256
38
153
-546
391
358
498
-338
-188
62
-6
-128
324
-358
-499
277
-17
285
517
-402
385
764
266
-105
357
413
395
59
-106
-341
-146
-58
-63
-96
-93
-369
234
-62
405
-175
-268
111
16
253
-123
-203
-290
265
169
-118
179
-371
-148
-103
-11
131
14
0
-350
90
69
2
27
106
92
-244
-188
-77
164
327
201
-154
-224
115
236
404
-96
441
-93
-271
277
-167
144
-2
24
20
42
477
-114
196
-270
451
271
315
418
41
278
-186
-279
209
-87
156
-147
440
-46
-11
148
198
-98
377
58
127
360
-155
-295
208
39
-28
-7
258
-17
49
154
-5
-37
-90
-234
77
541
163
-336
902
41
-216
84
271
-135
269
297
-594
-179
20
-155
460
-205
248
164
19
55
-213
146
362
-202
-251
-84
-125
-368
0
495
361
190
-158
-113
155
-115
172
223
-8
-261
-65
171
-485
-169
-600
-439
145
-550
93
239
-266
146
-234
-165
90
-204
-125
-379
-185
-30
-180
-27
135
103
60
-256
-465
-180
164
-18
-240
61
18
-79
-223
-150
-244
-216
40
-391
50
104
-201
131
22
-123
-93
-187
54
-52
-72
18
-40
345
32
-119
81
13
200
-189
-26
-20
-200
217
5
181
62
-103
95
67
-220
209
-264
-72
197
-211
-102
-19
341
39
151
48
-32
240
11
363
-101
-9
140
20
8
-27
32
-262
253
4
114
71
-158
58
40
227
-212
267
-287
-408
-179
-162
-189
-51
-232
21
5
138
283
46
330
11
-188
18
-105
141
161
179
-78
-346
309
-531
167
-107
-94
58
5
-16
541
-106
272
77
-32
-218
-130
59
251
-461
88
-120
30
116
-243
449
322
374
-29
130
-422
-159
100
-319
-195
-628
-175
56
-266
-410
-273
-326
410
-5
-201
64
-76
-496
-537
-172
-126
-152
-447
-81
130
-283
147
-27
554
417
-4
-368
-48
-103
-81
-733
-277
25
-202
-223
-207
-177
97
60
-4
-273
79
-71
44
-116
-181
-192
-223
-64
-304
-146
-143
-28
20
260
-4
102
-41
-44
-192
-260
90
-52
47
-137
158
-283
-77
189
65
20
329
-28
18
448
-346
-9
-112
-36
189
-6
-294
-169
4
-75
-32
-59
175
-67
64
-247
118
-169
70
-255
75
-298
-38
10
23
5
-154
61
-102
287
-18
-24
-183
-208
-227
283
-72
-148
176
-99
22
-148
184
-242
-75
91
139
84
-48
187
36
65
53
-128
-505
-284
-475
-261
-136
-8
-140
-201
-320
-67
293
-165
-333
35
-329
-183
331
-208
140
-131
14
333
35
-184
-310
-140
108
-277
-137
164
6
-211
-293
30
-313
-255
-40
147
-568
64
-480
-691
-176
-823
-200
-193
-172
-231
-360
54
-40
-288
159
210
-70
-10
-458
139
126
131
-175
-342
214
-18
-18
-9
-19
97
43
13
46
34
75
144
131
39
-15
30
-50
103
152
4
24
-21
138
-126
-74
15
-26
189
61
30
-13
30
38
-101
175
143
23
314
-158
229
74
85
171
339
175
30
30
131
193
36
77
-69
-161
52
-170
-43
-241
-42
-130
-91
19
193
37
83
-219
-30
-38
168
-72
54
-307
220
17
-223
-113
-3
273
-69
140
77
343
-76
203
94
-213
37
58
-77
18
-61
71
44
188
22
226
-327
-210
22
149
418
231
-50
-140
-57
18
148
-26
-71
127
-264
206
325
327
211
-168
-169
73
-255
101
27
-121
34
-80
-85
-393
259
396
-245
-22
-486
-13
372
29
102
-88
-25
107
-48
-18
27
-314
-255
139
70
317
122
118
-74
243
33
-209
207
110
-60
-122
-75
-307
-61
-81
46
-6
52
-14
184
-217
417
-174
100
-407
-257
221
152
67
167
306
-24
-92
-23
235
230
-110
-10
-63
112
-218
-77
-8
15
-167
44
-421
383
-189
-199
-299
63
-458
138
-115
-140
641
-386
200
509
79
492
280
407
178
-1
243
170
-398
-29
-205
157
-167
-603
-29
-62
-133
40
-373
-150
-148
-170
19
118
-94
223
-263
119
-103
123
191
553
-266
356
4
390
215
-73
-86
-86
-160
-143
-252
-194
197
-191
52
-378
-422
247
-36
43
-183
-150
-75
-36
-105
298
-72
-301
-328
-15
-6
-28
-132
179
-68
5
169
145
-2
273
-302
-84
497
-197
-9
-190
48
-270
134
-240
-387
-66
369
132
-309
-159
25
-191
-79
-155
-138
-404
-83
107
12
322
41
-184
-271
33
2
411
-150
-193
239
84
-62
-309
19
-426
-71
-209
-313
-139
-54
232
-73
-304
-553
47
-505
-238
271
-590
-25
612
76
903
518
252
-426
72
252
653
-244
-27
-66
154
21
-504
167
-28
-229
-322
-383
315
-231
106
45
-299
-427
-111
-361
-306
-304
-254
375
75
145
752
-152
-6
-294
79
29
559
-636
-464
305
-67
303
-386
286
200
-297
-134
-577
-193
-207
554
359
148
-269
-140
-290
-30
147
-170
-400
-10
851
624
-64
216
-235
449
-79
-123
-215
-573
418
-480
620
196
188
522
214
248
211
-139
-141
-95
406
-164
-99
428
-216
166
341
-750
-66
-319
160
483
223
644
-220
371
275
42
-476
-85
107
4
351
-332
427
262
-518
120
459
534
-168
-61
160
63
-241
74
-528
-361
245
-464
-166
-30
-260
16
265
254
-72
7
48
447
-67
-205
-432
-61
127
-232
315
-79
-336
118
64
316
-659
54
-119
-80
24
-338
116
94
158
52
-216
-111
34
-11
-48
-375
-480
34
-204
-100
-75
-76
-193
389
-34
-142
-33
270
117
-86
76
-267
-50
303
-30
-181
-173
-252
-160
338
-417
80
-105
-426
200
-420
114
11
-414
-49
51
-157
-242
-309
-18
279
-120
-99
45
280
181
-193
84
-248
-224
-6
7
186
149
89
-138
632
-687
141
423
-253
-217
68
215
87
-148
-11
194
190
-64
-229
-59
-485
394
334
-183
708
-343
291
297
204
-148
-372
579
670
-292
-230
-263
-316
914
-993
-339
329
-134
321
-12
208
512
40
366
-254
124
-103
314
89
724
392
282
81
-635
135
267
94
-505
-43
-40
373
-143
-105
-490
-291
736
-317
-58
23
139
8
-618
354
256
-12
-201
-498
165
-58
-301
100
467
368
91
61
-175
-84
111
-278
-436
-152
-27
-14
463
-40
62
-93
121
376
-109
-112
-182
-494
-193
-175
133
9
-235
30
29
19
69
-149
-71
-63
-158
-247
187
188
114
66
-76
-444
110
-83
458
-62
-278
-140
383
559
0
416
-635
-166
-285
42
-49
-125
24
-39
323
176
-18
-174
173
108
-374
-292
-58
175
249
35
-133
-106
180
285
223
-44
-284
-207
-529
140
-74
336
206
448
43
105
-75
-236
276
-24
163
45
544
-339
-91
225
-106
-196
-499
274
-9
-18
-154
-164
-102
111
-402
122
-304
267
-341
-439
-66
39
353
413
101
37
-229
38
193
95
244
-214
212
-8
302
-64
-68
-258
-236
175
31
-104
-385
124
-180
57
-360
260
-39
25
-327
-168
-91
-513
106
47
-218
-141
-340
85
-14
251
101
126
135
535
167
-345
-200
178
73
-165
-172
80
7
-195
-230
96
73
-107
-66
-15
-190
-49
-207
-261
-455
-90
4
-211
79
-146
-38
-80
-80
-5
-294
-99
-36
37
-26
-364
14
2
80
-45
-148
125
-275
-186
20
284
-294
-269
156
-107
159
9
266
72
-35
-150
-312
-171
230
314
-77
35
88
-16
2
7
133
2
-85
-227
-70
-190
-236
122
174
63
105
31
-407
-271
-176
237
552
848
88
141
-156
329
67
60
163
267
-314
-254
12
-241
-154
-274
233
72
-51
327
-208
-62
-466
61
117
268
-45
450
-372
-23
-115
-54
-11
184
-186
60
-47
81
249
304
12
9
-69
2
206
-505
349
-375
74
-260
-278
321
134
-9
-575
-91
324
112
-95
-125
-184
82
94
-70
62
156
134
-121
-67
15
219
57
-302
-116
186
-84
199
-6
411
215
-114
-379
-365
-194
217
-14
-111
300
-109
-35
-355
-85
12
-8
253
-24
-233
3
-154
-124
-293
19
398
147
-288
-391
-67
-153
-53
84
18
-119
-152
-21
-171
-174
-260
69
-239
136
89
168
-268
125
79
168
-106
-345
32
181
65
292
-327
211
-295
67
-4
-2
-141
166
-245
-9
193
6
48
28
79
28
263
160
-136
78
502
412
-86
178
-223
-42
-588
-83
357
105
188
241
-115
183
503
561
430
32
-308
-286
-97
103
492
324
304
210
-33
492
230
67
-190
-345
236
499
-149
-31
-443
480
-361
-329
-161
-336
254
227
-278
346
332
326
593
34
-56
-203
599
-347
197
-65
311
433
-561
247
93
-47
72
-764
309
248
-243
-293
-67
-164
-184
-17
-712
-631
-258
-272
-84
-357
-65
-15
-45
127
-9
-83
320
72
515
179
-79
-163
-386
-23
175
-218
-14
-262
31
38
28
-214
174
-142
287
49
145
-170
-376
-242
-173
-192
264
136
-85
-128
18
100
49
-101
54
127
-166
-417
163
-30
26
-73
52
-110
-154
-366
22
-225
198
144
439
131
189
1
-2
-285
-64
-36
156
-240
15
245
309
6
139
458
-101
247
-84
74
-35
-300
-79
-105
204
-19
-465
-68
-15
14
-330
143
-224
395
133
-76
440
-63
-217
-348
-209
-172
-52
210
98
-145
185
-39
-449
310
-340
464
139
67
-176
-364
-210
-48
-136
-2
393
-84
-46
597
-364
-193
46
31
254
250
-131
12
-27
-361
141
460
-81
253
159
-202
-54
236
-73
344
-456
-47
593
-175
48
-586
-56
-48
-183
-189
-406
-11
449
-214
-390
-211
-346
-420
148
-148
-77
17
266
158
73
-97
26
-6
-174
-243
-179
-244
-351
3
-62
24
-129
-144
-64
-80
71
-212
23
-129
55
15
-182
33
-117
-173
-162
-150
3
9
116
-17
333
120
-144
10
75
27
-237
-246
38
103
-63
111
137
-369
1
-94
-66
140
-47
-235
821
39
385
45
-140
-159
-91
-164
-12
-262
-179
192
191
355
135
514
-225
42
-29
-163
147
-224
-141
-82
97
-175
-55
-342
-128
174
-410
276
50
175
84
-125
167
-175
-256
-123
-347
-118
-183
52
120
49
499
-226
19
-168
-278
49
-206
6
-21
-326
-79
-436
-198
-38
142
-115
44
-61
-41
632
87
60
101
-349
235
25
85
25
27
43
315
59
327
88
-161
327
68
131
-86
37
287
-195
215
-335
-372
-247
-116
-220
-83
-37
336
-193
-756
-459
-410
-444
-73
-643
-593
-55
-372
256
96
-31
-311
350
127
80
92
-363
-27
-38
-296
-174
289
275
155
139
93
-74
-14
-143
-168
112
-123
20
180
101
-147
153
254
-59
-301
-121
220
140
200
-349
412
298
177
-32
-218
-70
100
-52
-19
99
-152
-98
-251
-110
74
-206
270
-314
143
204
244
47
-245
398
469
-113
-259
-193
-137
-10
88
-30
72
-150
80
-250
206
-239
-30
-108
0
-36
-289
-282
-138
-114
-48
4
82
-18
118
-15
350
-82
-181
211
79
-238
-253
-351
-220
-82
461
-149
-217
136
-97
148
46
-572
-260
-227
142
-594
-868
-393
-211
-498
-164
236
-75
256
-460
-246
-245
-140
205
-380
-468
62
-676
-13
-55
66
-173
125
-395
-142
-616
-20
141
-74
-193
-31
160
-176
-458
-147
53
-272
169
-39
-346
-27
-518
-494
-475
-657
-199
-506
-337
-662
-465
-20
380
-66
-436
1
73
190
-907
-128
-141
-620
-337
-330
246
24
14
-39
131
-98
-8
16
-81
3
-147
-118
133
-105
22
3
-14
63
8
-79
3
-52
26
152
-98
-23
-115
105
-94
50
96
4
12
160
-41
-101
-30
-108
102
80
52
187
277
43
-34
160
34
152
63
11
106
117
-47
-145
76
502
2
-118
-121
18
9
-2
-5
6
291
5
62
80
-72
49
-91
-210
-33
-84
178
80
120
180
-76
350
214
12
210
102
-136
4
-177
484
-173
-16
-77
-24
146
-16
-113
-15
180
-191
93
97
33
65
-101
-98
150
67
-431
300
3
219
-39
76
162
-217
294
106
-37
131
123
252
-15
3
242
109
10
25
17
41
86
120
-9
-194
-7
-186
-147
56
228
3
139
65
49
178
-192
-127
-41
-37
114
69
-181
57
377
452
104
-278
127
32
72
-101
-238
165
-162
-313
-81
-168
51
115
-301
-89
157
100
138
185
-122
-172
128
23
29
-186
37
103
-9
0
-16
92
-195
11
-151
-250
-274
-81
-74
66
-153
-252
-49
-155
235
-187
-10
-118
1
181
357
-118
-24
-357
-292
220
199
-432
-409
-213
206
-77
209
-7
188
388
-244
-118
64
-110
11
-201
17
-658
-100
-278
549
-285
8
-354
-67
285
-150
15
-412
-413
-495
177
-647
-378
-190
-263
294
150
251
169
108
-39
-184
-616
19
-242
7
-195
4
-370
-23
-256
354
-37
-70
-120
-622
82
-145
83
229
-148
-170
453
-302
204
93
7
-67
-6
495
113
-374
-19
-281
-204
157
104
93
85
-131
200
202
-115
-130
409
-330
75
-117
-277
405
16
449
-53
68
214
-400
131
182
428
-134
-49
426
431
-52
-290
88
-15
79
67
-207
692
-260
53
307
135
6
350
-481
-390
609
-26
117
323
-161
230
-132
164
93
-123
135
81
46
-45
-158
-178
118
78
35
-419
-197
106
154
-176
-445
-376
222
224
271
196
-294
-35
396
-36
264
336
112
-121
-603
39
-44
100
-6
-611
-98
-4
92
44
318
285
-178
-69
146
235
438
-84
-82
-811
298
103
206
186
-40
-42
112
473
109
57
-210
-191
-121
201
-89
188
146
-537
216
-78
103
-489
162
440
-101
-308
-190
231
525
-18
-105
-189
-32
68
470
281
-182
111
-338
115
-72
24
-7
-317
49
312
302
395
71
42
-199
-108
289
-747
3
30
95
-125
-210
287
638
595
-273
-155
270
72
-83
488
-351
-329
230
-313
259
333
-159
515
296
411
-33
22
-100
403
416
-229
-16
81
45
416
192
-95
-480
181
331
467
-352
427
286
158
-465
111
-292
-215
377
-102
109
428
128
931
42
213
239
167
-131
-130
103
-55
-191
36
575
25
278
246
-315
-339
-40
90
-109
77
69
-86
-193
88
-337
-126
-32
-350
61
462
72
676
76
399
159
-9
-271
-190
-360
-207
52
-78
344
-382
-78
19
70
-106
-3
-138
-166
-39
357
171
-413
-110
-270
211
-544
-69
89
-151
38
365
69
188
-60
-23
50
-241
-229
83
-139
-347
172
-318
-117
-312
68
83
46
-80
-116
2
266
549
-227
-24
-175
12
94
181
94
303
-231
45
-9
37
-100
-23
-266
-174
270
-132
-76
41
212
116
-152
-117
-64
-76
15
37
-70
-319
187
268
-173
-166
258
-422
-28
0
98
149
-264
-31
-392
-65
353
-200
-209
-241
220
94
-313
252
132
272
-140
-173
27
-382
-235
-272
-74
37
86
68
-50
122
-276
22
241
-74
188
17
-120
-119
-84
90
53
-36
164
-3
-124
-38
-254
479
-49
136
-109
210
-272
9
16
-11
-247
-143
263
141
-256
-81
-171
-109
-111
-463
0
177
10
192
-305
-129
-130
108
188
-81
126
-299
-107
186
336
-29
33
50
-277
32
213
-207
-259
-19
104
21
-442
-15
-88
26
-309
-400
-421
43
149
69
-130
-31
-203
72
271
86
-373
-210
3
101
-98
-350
149
132
-125
-13
-223
-249
-358
149
-395
-483
-408
-13
-159
354
-340
-253
-216
-398
57
-118
-40
-217
-478
-99
-91
223
-32
-71
110
184
-206
-291
-24
206
-57
-11
-378
-295
-88
166
-339
-79
-122
-23
50
300
-658
40
-215
-379
109
-334
75
-39
-294
-235
28
11
-254
-225
250
-167
-128
-255
-342
226
348
-84
-130
-105
180
-21
-188
-32
-42
-106
-38
-12
-146
-77
-198
-51
197
21
10
-124
-48
-56
-99
-80
-20
-19
20
-145
-167
-148
-90
-46
-62
-29
-2
-59
-51
272
-333
-120
-186
-384
-131
-180
-432
-276
-276
-226
129
-33
-121
-197
-310
-164
147
-52
-239
-205
100
-527
-22
-468
68
263
-48
43
-144
-210
-315
24
125
-72
-121
-323
-324
18
61
-279
-419
-246
28
172
-132
-68
-88
-103
-156
-199
-199
-195
253
-402
345
-116
100
39
-117
271
296
-87
-494
201
-3
-25
-64
-189
-34
-85
29
-244
-183
-74
300
20
-42
-17
-96
91
142
-76
-39
-238
-36
-144
-144
11
108
-161
381
-107
81
-246
71
-59
-134
-197
96
-222
246
-171
73
6
-41
241
104
145
3
53
-254
-67
14
-246
153
-189
-27
-215
-210
203
-82
66
267
63
256
-209
175
349
-288
-227
57
-459
344
83
-509
-86
-604
-531
579
-429
-85
-107
-107
-143
-12
-160
-64
10
206
12
3
-58
99
40
1
-23
397
-155
213
337
-254
-508
285
141
265
227
-708
-57
-56
-606
405
-512
100
127
-361
-99
56
155
-430
-430
532
-227
-297
-140
88
252
283
291
334
222
95
104
-182
-192
-35
-168
204
69
-182
-39
-445
-427
189
-493
-196
144
95
-48
-177
-98
-108
-318
250
-598
15
336
-195
-13
-270
-68
393
-390
-93
-410
-168
119
-214
-631
315
184
93
-90
0
-151
-59
-151
-394
-298
108
-118
-127
-12
156
-17
250
-166
217
190
13
-217
-5
133
-139
-359
-77
-1038
-145
106
-83
-289
262
-66
279
457
191
175
-241
-335
-504
-1
330
-257
-304
-334
236
117
-129
94
376
186
-135
-273
-47
-98
116
-178
301
-121
-149
180
656
-101
765
243
-619
27
-293
-195
157
-1234
-153
-103
164
-184
-231
-514
121
126
-52
153
-380
205
-486
215
87
227
499
-217
309
-134
418
20
595
126
245
347
-158
161
82
-586
-87
-697
-57
76
497
-63
-251
-180
99
425
-104
-292
-132
556
189
-265
344
-92
371
189
387
-268
336
29
557
491
9
-132
-383
282
77
88
29
-29
-353
-11
330
250
539
-172
651
456
-40
-243
-420
49
11
-207
-794
-15
38
295
28
197
-509
156
-450
85
-213
117
-574
373
-54
-76
356
211
-121
-143
-353
294
207
-179
379
450
184
-521
-436
200
-20
273
-77
290
-43
-346
-348
-194
-264
-84
201
310
315
362
-64
587
-99
-349
171
-356
-53
-139
-176
-267
148
-78
-11
-304
64
135
-516
95
-408
324
301
29
-62
-41
179
-130
-214
70
110
-183
48
-101
-619
226
-163
-131
-140
-438
-334
-103
170
-83
-168
-361
160
187
18
-356
-261
228
-266
-140
-52
260
180
107
222
-186
72
402
235
-20
333
9
-267
277
225
-127
404
-621
-404
236
837
458
175
-580
330
637
253
-422
-75
118
80
-496
126
61
114
-183
-142
-77
-22
-109
-216
373
-251
-302
-144
-630
621
237
163
119
-54
403
274
197
-99
-443
128
471
314
255
-65
-288
180
-149
-81
105
-164
63
29
467
-525
-382
-129
163
-263
-240
-341
375
294
-28
-125
54
562
-82
-538
-44
43
99
51
77
372
-128
-602
-205
66
261
-308
247
-55
166
-164
143
-556
-446
75
-265
-182
177
-139
425
-115
-306
129
48
447
-410
-635
-250
-165
247
-295
-425
89
-111
-411
249
-368
210
244
121
-128
1
5
-61
132
95
-68
311
-30
-1
50
-88
85
-11
-24
-92
-250
-5
-30
-52
144
-163
118
313
19
-170
246
5
28
-161
114
51
245
-101
19
-76
257
260
0
145
287
-51
-56
267
-201
41
454
-144
-71
148
523
-40
-169
-421
256
-46
-68
-147
42
-36
143
-262
266
-12
299
121
16
-79
146
-124
299
160
272
-74
237
-49
-30
-27
67
52
37
172
106
-6
-33
127
145
152
71
275
194
325
127
-18
-89
68
-9
-125
329
-174
136
-254
24
309
-29
-139
-61
261
117
-54
36
39
152
-171
-374
-26
16
-103
-203
102
12
269
-709
-433
249
191
63
2
-493
258
39
51
-269
-213
322
-1
-94
125
-354
436
-82
-34
-68
72
-122
-105
-219
-92
68
-133
51
-397
-190
-297
-229
61
-225
21
151
175
83
-22
-59
-21
48
117
2
174
304
12
357
4
139
66
-146
198
2
-21
205
-1
-145
-20
148
45
-173
-21
95
152
167
-160
-20
-47
-87
18
287
-53
269
99
5
3
513
-44
878
-11
-21
31
-270
-61
-10
-301
67
-6
-356
79
257
107
-84
680
198
542
70
-434
212
-278
-59
-22
596
-213
-180
-354
143
-526
735
-1
254
410
122
268
-202
-141
31
-386
-234
-106
-287
-97
529
157
-630
578
-192
230
-449
-115
-127
-319
-305
-72
748
175
-210
-305
-163
-34
649
479
-145
107
-122
-148
-6
-299
117
-421
-376
-372
-455
148
-126
408
-394
374
-356
155
-196
-357
488
-296
-236
26
456
-16
-545
-270
9
232
222
114
-121
76
-123
106
20
305
158
48
-377
-159
-273
630
-405
97
22
205
-307
-247
-262
-67
392
-284
-174
263
285
93
287
196
-126
1
262
-81
256
195
363
-102
-439
172
36
-404
349
223
-103
-334
329
126
-194
286
494
125
137
-209
108
167
-208
-8
194
-121
-5
242
-263
222
222
-9
689
357
225
519
-105
31
18
-465
127
220
395
-205
805
476
-218
282
334
470
201
-180
142
-66
-327
32
196
209
-203
-93
-33
117
31
-196
473
145
376
47
151
439
148
-170
7
-85
213
-33
237
595
-302
827
-352
-208
117
-112
355
31
-12
-106
172
953
6
280
4
184
465
189
-258
-87
-48
-39
261
216
249
-462
83
-122
-148
268
-274
290
-171
412
-59
-54
139
209
433
-162
-153
-81
427
1072
184
-121
-86
-65
349
412
-141
-214
-196
-373
592
402
15
-462
-424
374
-259
280
-328
-291
4
-155
-14
-237
228
453
171
-235
-182
5
135
-207
73
56
-39
-45
345
139
140
133
288
192
-39
85
-242
270
-75
134
126
-99
52
-50
95
-8
-167
273
32
40
-17
128
-32
317
111
117
-221
-216
21
-108
122
93
-99
32
-122
125
-98
232
467
-168
69
71
-83
378
143
114
-5
427
-163
-36
212
27
109
-118
-155
-3
324
539
4
-116
70
-318
-91
122
730
58
-396
-213
97
-72
90
-508
-421
-169
-155
362
-61
91
-356
793
-92
-116
122
-39
754
-90
-288
-30
-80
-68
203
-118
149
233
522
245
38
6
229
-79
254
76
-105
-34
-28
-16
115
-226
13
134
-21
87
-4
-175
555
186
374
-185
-330
175
372
421
483
67
38
-178
446
132
-69
249
43
-176
45
-248
-112
216
400
535
304
-89
-6
16
180
-253
186
-143
392
63
190
209
5
-338
481
-150
-172
-282
14
71
209
38
204
-73
-22
-12
10
-139
445
-282
-271
-4
131
243
-124
-88
138
64
-369
-47
-48
68
-140
-61
-193
1
115
214
-162
-108
97
-145
-136
-50
601
-58
126
26
33
149
67
-231
-198
-374
-246
666
193
-183
-53
251
34
-131
-50
146
-101
124
-160
-53
24
401
-232
-161
-165
-307
114
116
454
131
-271
-572
-226
-649
-315
-360
-131
-261
-238
-19
-104
-519
-187
-234
-381
81
-39
167
41
-66
-96
-503
204
90
326
18
59
213
-1
90
-655
295
-385
-70
35
-603
-37
440
-79
73
821
143
-241
576
-269
-59
-449
-146
-37
-113
274
-146
-407
22
93
128
546
79
92
612
694
387
290
-133
27
73
139
214
492
382
-94
374
402
452
-409
31
10
169
-347
-737
179
20
595
409
-57
486
487
-147
-231
-189
-221
-272
-50
-53
18
-135
-119
-62
232
-1
93
-5
-132
-2
-154
45
19
23
69
-69
-115
-70
-34
-72
-52
-82
-153
3
-81
227
-418
-226
-76
-630
481
336
-259
76
-31
30
-118
-173
30
-32
15
-120
-429
-285
-172
-154
-123
244
-409
-120
-320
244
216
-440
-191
-177
220
-213
-269
-37
103
-384
52
30
-40
276
60
-174
-317
-1021
85
-60
368
-112
156
-195
-183
-32
-202
56
-578
-357
-273
-186
37
-150
-305
-175
291
50
-333
111
255
-138
85
-100
16
-37
81
202
-318
-295
359
257
-106
-473
157
-153
-64
65
-301
94
-259
-254
-477
-19
221
-165
-24
377
67
-86
-157
-2
213
239
-27
-90
-223
-357
66
288
-608
126
98
156
8
-350
-183
453
-244
23
-607
-230
42
-96
-474
-108
-362
-253
95
206
-53
-80
162
82
13
-17
14
-7
-11
207
82
18
231
-13
-5
148
11
170
141
9
0
80
216
-101
1
166
195
292
44
55
84
-23
107
-62
-11
100
-15
-269
177
157
242
163
143
-189
396
-163
-56
-264
-4
-152
19
-158
98
-125
42
60
-54
59
-56
-170
38
43
90
-165
49
-146
-320
-71
171
-577
60
199
237
-55
-53
-243
-241
-52
-51
93
-121
34
-272
-364
203
-41
-41
1
125
75
-87
38
316
-112
127
-196
203
-5
-38
-127
105
-589
469
100
162
103
1
-555
-207
-197
-42
350
-152
-60
-4
-587
35
249
-145
419
-110
200
4
-232
547
-325
-2
-177
640
226
279
79
62
-78
454
278
-23
12
167
-260
132
-183
37
293
-33
201
126
-33
43
-109
119
43
228
95
-36
264
402
-68
-41
121
499
130
456
90
181
68
101
-21
-270
293
123
140
126
80
171
410
239
-107
70
47
65
113
219
-23
231
340
311
165
-258
93
124
123
216
170
290
107
-78
-219
205
59
-112
103
-38
-246
-91
-127
-187
-140
93
58
-312
-451
-11
-185
153
-275
152
-46
244
39
-223
-63
34
-441
-129
30
152
42
322
-23
-537
-117
207
531
-133
-124
-188
-334
-310
-228
66
-63
-228
-240
27
162
-70
8
85
276
8
-130
-367
66
501
-73
-359
34
-93
22
86
-123
509
-284
-66
70
-177
-50
-50
-367
-306
-228
-200
-138
-73
152
263
77
-18
527
-16
268
-264
-111
339
221
197
-40
303
-170
154
-164
95
-382
235
18
-144
115
10
-198
471
-314
-32
177
-15
-266
-282
99
-95
-469
784
143
193
248
4
371
750
314
242
7
496
229
139
216
576
163
253
-48
-186
106
285
78
162
-42
-45
-109
189
1
-37
-121
123
209
-68
24
222
659
-69
-23
-130
24
430
-110
226
20
352
82
394
-470
-113
123
-267
329
-97
-290
72
-895
195
-10
536
126
-328
-467
461
243
118
-332
-36
124
289
-176
126
25
231
-441
94
44
100
446
464
-377
-47
-130
113
294
-302
-360
-265
-454
-172
82
256
-93
-192
-316
513
-130
159
-203
105
138
198
-597
-142
-208
274
-534
-25
220
-31
-173
190
-9
137
-25
-166
-76
-186
-332
367
-432
-73
175
-145
-242
-523
297
-48
279
429
-196
106
63
-33
6
740
-199
68
-135
99
32
-167
-5
84
542
314
656
74
99
-104
-641
128
-338
134
46
-221
-75
-267
594
-57
-513
218
-215
-52
-76
-41
742
351
504
-230
-75
370
274
-395
12
19
170
-61
-78
-199
313
17
-94
309
-224
117
-18
256
55
-6
-236
-102
-45
81
-156
-290
44
-8
-16
262
51
-133
-52
-217
356
-31
248
54
-208
401
602
-1000
-111
-291
-559
426
-671
136
-25
578
262
-572
-74
238
318
-50
83
-585
259
53
720
473
186
498
-282
59
-14
-173
328
198
-474
17
-80
-302
-44
-255
-994
5
-716
-225
-218
300
-341
-537
9
563
192
74
-113
-52
442
54
190
25
-187
204
-253
366
-50
-53
55
110
-302
-132
9
269
-481
30
105
287
-282
90
320
-283
-63
-270
-140
-18
189
141
-70
98
286
36
-180
334
-138
274
-278
-133
-383
101
-60
-79
206
57
109
554
370
142
365
-247
88
319
330
2
-241
-436
-79
139
6
165
85
246
313
-46
-95
35
-59
86
-258
225
-148
-287
3
510
-111
219
15
-441
226
132
-707
-65
-405
-132
-453
-159
-158
80
-220
-108
-16
-32
107
-174
254
-309
-158
301
199
431
-582
311
-732
-330
-214
429
-351
523
187
358
65
-9
-587
-377
-937
-460
-465
-235
-153
150
-503
366
348
156
357
-89
209
-276
8
151
161
290
-826
456
7
11
97
367
144
167
-126
17
505
-277
-379
399
-654
-161
13
-71
-121
396
-81
560
198
333
-279
-206
410
214
-118
-87
174
62
-76
5
249
-97
156
-284
278
-277
4
-355
-69
-93
-523
359
-83
-291
122
-84
99
153
171
134
-195
330
-19
-28
22
67
-132
59
316
-169
-95
-40
51
245
-188
-169
467
-66
150
-202
215
-502
-472
248
-268
-140
-381
-333
207
279
-267
541
390
8
168
313
-21
4
282
315
331
-121
-204
-30
0
0
0
0
0
0
0
0
0
0
0
0
0
0
0
0
0
0
0
0
0
0
0
0
0
0
0
0
0
0
0
0
0
0
0
0
0
0
0
0
0
0
0
0
0
0
0
0
0
0
0
0
0
0
0
0
0
0
0
0
0
0
0
0
0
0
0
0
0
0
0
0
0
0
0
0
0
0
0
0
0
0
0
0
0
0
0
0
0
0
0
0
0
0
0
0
0
0
0
0
0
0
0
0
0
0
0
0
0
0
0
0
0
0
0
0
0
0
0
0
0
0
0
0
0
0
0
0
0
0
0
0
0
0
0
0
0
0
0
0
0
0
0
0
0
0
0
0
0
0
0
0
0
0
0
0
0
0
0
0
0
0
0
0
0
0
0
0
0
0
0
0
0
0
0
0
0
0
0
0
0
0
0
0
0
0
0
0
0
0
0
0
0
0
0
0
0
0
0
0
0
0
0
0
0
0
0
0
0
0
0
0
0
0
0
0
0
0
0
0
0
0
0
0
0
0
0
0
0
0
0
0
0
0
0
0
0
0
0
0
0
0
0
0
0
0
0
0
0
0
0
0
0
0
0
0
0
0
0
0
0
0
0
0
0
0
0
0
0
0
0
0
0
0
0
0
0
0
0
0
0
0
0
0
0
0
0
0
0
0
0
0
0
0
0
0
0
0
0
0
0
0
0
0
0
0
0
0
0
0
0
0
0
0
0
0
0
0
0
0
0
0
0
0
0
0
0
0
0
0
0
0
0
0
0
0
0
0
0
0
0
0
0
0
0
0
0
0
0
0
0
0
0
0
0
0
0
0
0
0
0
0
0
0
0
0
0
0
0
0
0
0
0
0
0
0
0
0
0
0
0
0
0
0
0
0
0
0
0
0
0
0
0
0
0
0
0
0
0
0
0
0
0
0
0
0
0
0
0
0
0
0
0
0
0
0
0
0
0
0
0
0
0
0
0
0
0
0
0
0
0
0
0
0
0
0
0
0
0
0
0
0
0
0
0
0
0
0
0
0
0
0
0
0
0
0
0
0
0
0
0
0
0
0
0
0
0
0
0
0
0
0
0
0
0
0
0
0
0
0
0
0
0
0
0
0
0
0
0
0
0
0
0
0
0
0
0
0
0
0
0
0
0
0
0
0
0
0
0
0
0
0
0
0
0
0
0
0
0
0
0
0
0
0
0
0
0
0
0
0
0
0
0
0
0
0
0
0
0
0
0
0
0
0
0
0
0
0
0
0
0
0
0
0
0
0
0
0
0
0
0
0
0
0
0
0
0
0
0
0
0
0
0
0
0
0
0
0
0
0
0
0
0
0
0
0
0
0
0
0
0
0
0
0
0
0
0
0
0
0
0
0
0
0
0
0
0
0
0
0
0
0
0
0
0
0
0
0
0
0
0
0
0
0
0
0
0
0
0
0
0
0
0
0
0
0
0
0
0
0
0
0
0
0
0
0
0
0
0
0
0
0
0
0
0
0
0
0
0
0
0
0
0
0
0
0
0
0
0
0
0
0
0
0
0
0
0
0
0
0
0
0
0
0
0
0
0
0
0
0
0
0
0
0
0
0
0
0
0
0
0
0
0
0
0
0
0
0
0
0
0
0
0
0
0
0
0
0
0
0
0
0
0
0
0
0
0
0
0
0
0
0
0
0
0
0
0
0
0
0
0
0
0
0
0
0
0
0
0
0
0
0
0
0
0
0
0
0
0
0
0
0
0
0
0
0
0
0
0
0
0
0
0
0
0
0
0
0
0
0
0
0
0
0
0
0
0
0
0
0
0
0
0
0
0
0
0
0
0
0
14
-201
-59
-18
149
57
50
-14
-96
5
248
485
-164
1
155
-73
147
325
-55
-48
32
282
80
-283
-356
58
331
34
44
-61
67
-103
196
-182
-120
-232
353
-77
87
-247
-192
359
406
221
231
-26
221
6
-45
572
138
-415
-267
-31
-290
-199
-360
153
-65
-7
221
30
146
-70
234
1
276
-120
91
-360
-196
429
-55
257
287
63
353
53
93
658
117
-197
213
-346
-344
402
-2
53
-148
-21
5
-275
225
427
-371
-328
-338
32
147
48
-350
-129
-420
294
31
46
259
-162
-23
-495
165
221
8
-33
-563
-24
-423
219
149
43
224
137
-105
-452
-148
217
-617
-148
-146
-143
127
56
-662
-426
-360
338
-87
-191
177
-166
-363
-449
106
416
94
-271
-798
277
-463
89
292
69
-46
199
-223
-186
182
179
-550
-462
-137
142
-230
-227
417
-57
207
12
-636
219
247
197
600
302
196
-301
11
310
261
-25
25
69
54
168
-331
39
72
50
77
-94
241
-275
320
-184
-99
-69
91
124
356
96
-419
268
83
-7
219
110
-8
-33
-232
-318
63
-630
-471
-22
293
7
-346
-124
234
203
14
96
-177
-77
-490
238
33
86
-525
88
-113
-444
29
365
142
366
-178
-576
35
-125
69
-146
-150
-301
-243
161
233
238
238
-161
-152
-67
206
285
-452
-172
-981
-290
233
-103
-698
-218
-102
-211
728
322
-525
200
-434
-640
219
362
284
-390
-48
514
75
826
203
298
220
-196
-644
92
104
-323
-475
328
-433
-435
89
-50
-497
-54
-107
-45
160
-427
-703
477
-361
-830
-221
-161
-399
-420
-551
127
45
717
330
232
419
-198
-195
-40
-325
33
-387
398
35
210
29
-272
214
-252
133
276
-668
34
111
66
328
357
154
73
131
-13
389
17
-24
-127
-94
41
-72
56
-2
-181
-215
-244
63
-225
107
232
258
244
245
-179
-127
280
-36
454
306
175
287
-133
178
176
35
-150
145
-247
-366
-141
-106
235
114
153
195
166
-87
400
54
-22
16
290
173
218
486
-403
3
-754
-77
384
154
294
199
-142
52
88
463
47
-141
-45
-120
226
-513
-6
359
13
82
-4
248
404
-57
-337
-98
-237
89
307
521
140
596
-764
202
103
-600
774
-135
-48
49
-13
366
143
363
178
648
406
-552
-159
-165
-38
446
162
259
267
79
-104
179
-231
-94
71
556
191
375
-56
156
-672
-948
337
-131
332
-96
-461
129
-23
597
-81
149
7
-333
-381
-46
117
112
-62
119
-104
310
142
94
-57
-51
189
107
-143
-198
-72
102
-230
-159
220
104
-27
-91
-106
-100
274
-55
35
31
-54
203
76
-77
151
-131
-280
82
-6
26
-180
387
119
50
46
136
-1
-56
-292
-156
-164
241
581
-22
-235
365
94
82
69
-271
49
50
415
-123
181
-96
-144
120
-55
-47
90
-45
0
48
284
473
-113
317
-46
-150
-728
-464
121
139
348
-140
45
406
-11
232
298
-141
238
187
414
-325
247
-33
90
0
-192
172
487
22
88
259
-124
3
149
-295
-101
-64
-558
-245
-100
-92
-149
244
150
298
69
335
-143
185
-196
113
182
-56
-149
-229
166
-113
-493
68
165
43
-150
285
1
-24
406
100
231
-97
-311
-36
27
159
-190
-233
226
-190
166
233
-151
36
123
289
-49
221
-258
40
-157
-103
-16
-32
109
152
46
-1
145
187
-81
61
-39
62
-60
78
45
73
63
-253
-31
-98
169
6
-102
88
61
85
-158
-82
241
252
-238
49
99
-183
185
284
-196
-92
1
-229
-136
329
20
0
-57
-389
-271
216
292
-162
-5
200
-63
-136
101
10
5
-79
-177
183
230
-96
-67
-205
242
-231
210
-138
-175
-442
1
-199
-52
-65
211
18
-212
-411
91
102
-173
21
-223
206
-115
-301
-100
-51
-151
72
377
10
46
-252
-65
-361
-34
-272
-113
51
510
-84
-150
-159
357
-206
-199
30
243
44
-128
-227
-151
-314
-56
140
90
-223
-352
-86
189
141
248
216
-16
74
136
-68
-104
-59
40
-471
-92
2
-252
-74
432
225
-61
-9
318
239
-24
38
-13
102
36
113
115
75
-242
12
213
165
211
97
-154
271
108
112
-107
-106
87
-390
146
-178
5
-2
5
-103
-8
-4
-23
8
-25
-32
-319
-37
14
-113
25
-59
-142
-53
0
-66
-148
-317
-7
17
-41
-140
-289
-5
-24
0
26
-157
-389
-208
-104
-215
-485
-182
-317
-101
-132
-189
-191
-311
-20
-218
-79
-154
-247
-24
-73
12
-191
-311
16
-65
112
-54
-48
-80
-92
-133
-331
258
226
90
26
-203
-264
-326
-485
167
125
248
29
320
-72
9
65
39
238
-37
21
-169
175
-192
221
11
189
1
43
201
-77
22
-174
120
361
235
-13
-29
-101
357
211
-49
-39
180
79
50
-19
232
18
348
285
-202
162
3
176
-565
7
-128
482
167
-12
100
201
22
-266
-72
221
174
35
45
101
-18
177
101
217
348
280
-18
98
58
-92
332
53
-8
138
56
46
-97
312
174
42
-38
-1
66
-35
106
149
241
-184
116
-148
-267
-76
-114
-418
103
-527
-307
93
-313
-57
-244
150
-36
-138
-238
18
-45
64
95
-57
-9
-125
-15
222
46
18
-148
-35
-63
64
-20
-356
-390
181
-190
-418
-171
-738
-566
166
-554
-305
-17
-98
-80
229
-271
-442
-307
-5
-157
-9
-153
-62
224
61
-147
-16
-217
48
275
266
460
-401
-43
3
265
-417
541
-76
159
-77
-229
-191
182
483
42
162
39
-491
-611
37
-407
38
212
161
244
154
205
227
-258
112
-463
235
334
-19
-50
-41
47
214
189
28
257
-51
232
-41
77
130
258
474
171
275
-132
17
-202
19
588
190
220
-466
76
311
35
-284
-896
420
371
36
-272
-217
-242
237
379
-406
-97
-529
-13
-10
-127
510
60
16
-259
102
322
-173
-121
552
616
-252
-229
-124
-198
156
45
63
236
-127
-49
233
-439
337
-166
-151
90
-153
-492
249
-214
-149
-106
-1
-58
-211
-34
154
43
102
177
90
-111
-210
-2
172
23
-29
-171
166
301
-225
90
169
-163
137
238
-205
188
-406
-511
-41
-671
-57
28
185
-161
140
-122
-87
234
17
99
25
259
50
78
39
-61
158
-358
70
-30
-307
-96
-179
-448
432
93
-236
421
-88
-246
-242
-102
-340
-163
90
-67
57
-147
-18
-71
103
42
-347
-5
-139
363
182
-116
-430
-331
424
255
-512
-475
-82
-296
56
101
88
-3
-21
40
30
-24
203
-471
-422
-266
359
360
56
-11
-183
627
-244
-55
-486
252
125
-273
-170
-42
64
-16
-463
-86
50
-484
301
187
-454
279
-283
-90
-212
-485
-81
-220
-134
-359
142
69
128
26
-222
289
-358
104
-619
193
390
-128
-250
-7
358
157
15
-172
423
-156
35
101
-196
313
-98
-279
81
-610
-298
-185
110
48
-225
-98
333
208
-27
-350
-146
248
-72
31
195
242
102
-134
235
203
-228
90
255
92
291
336
244
142
21
-262
110
-205
118
-183
-57
61
173
188
344
23
-51
-42
-453
75
-34
-158
67
168
30
19
226
-7
-754
-579
109
21
271
225
-619
145
335
198
140
4
393
59
-216
-434
-9
629
-60
71
228
-123
-589
-484
-455
124
211
91
-305
-236
252
511
-1111
-842
185
-152
-76
159
-209
104
276
-119
311
-218
347
-365
-934
-626
-18
248
-283
-42
-62
11
-868
-303
-402
319
69
-220
-16
293
242
26
-635
-510
-25
-290
204
100
-456
345
-287
-422
-62
-291
-191
-524
-723
-436
-194
292
-200
12
33
37
-326
-43
-538
127
422
-81
-124
-288
21
169
-136
103
92
221
-35
51
-238
147
-37
89
285
-65
-193
211
32
-132
-82
25
123
238
197
-247
-170
147
-24
-262
145
-178
119
-17
109
162
-412
146
-159
226
234
269
104
94
-46
-111
225
142
239
-174
318
11
-97
31
22
-108
-34
124
-196
100
34
-156
-15
-86
10
303
0
-38
-243
-302
-33
71
156
9
177
127
-6
-168
-139
22
188
-355
95
-270
-267
124
-70
267
-204
56
-358
170
-426
215
133
-268
-282
390
29
-120
-1064
-382
155
-91
213
120
-517
290
-272
-303
-238
-103
78
-633
-807
-195
-137
-84
-100
-72
-240
6
-847
24
-601
48
93
-176
-473
-236
118
-111
-223
-567
-14
-223
-159
298
-418
-3
86
-182
-132
-392
-2
-235
-401
-255
7
-99
-22
-189
-253
-168
-27
-62
-551
133
-55
-96
-58
-142
-138
0
0
0
0
0
0
0
0
0
0
0
0
0
0
0
0
0
0
0
0
0
0
0
0
0
0
0
0
0
0
0
0
0
0
0
0
0
0
0
0
0
0
0
0
0
0
0
0
0
0
0
0
0
0
0
0
0
0
0
0
0
0
0
0
0
0
0
0
0
0
0
0
0
0
0
0
0
0
0
0
0
0
0
0
0
0
0
0
0
0
0
0
0
0
0
0
0
0
0
0
0
0
0
0
0
0
0
0
0
0
0
0
0
0
0
0
0
0
0
0
0
0
0
0
0
0
0
0
0
0
0
0
0
0
0
0
0
0
0
0
0
0
0
0
0
0
0
0
0
0
0
0
0
0
0
0
0
0
0
0
0
0
0
0
0
0
0
0
0
0
0
0
0
0
0
0
0
0
0
0
0
0
0
0
0
0
0
0
0
0
0
0
0
0
0
0
0
0
0
0
0
0
0
0
0
0
0
0
0
0
0
0
0
0
0
0
0
0
0
0
0
0
0
0
0
0
0
0
0
0
0
0
0
0
0
0
0
0
0
0
0
0
0
0
0
0
0
0
0
0
0
0
0
0
0
0
0
0
0
0
0
0
0
0
0
0
0
0
0
0
0
0
0
0
0
0
0
0
0
0
0
0
0
0
0
0
0
0
0
0
0
0
0
0
0
0
0
0
0
0
0
0
0
0
0
0
0
0
0
0
0
0
0
0
0
0
0
0
0
0
0
0
0
0
0
0
0
0
0
0
0
0
0
0
0
0
0
0
0
0
0
0
0
0
0
0
0
0
0
0
0
0
0
0
0
0
0
0
0
0
0
0
0
0
0
0
0
0
0
0
0
0
0
0
0
0
0
0
0
0
0
0
0
0
0
0
0
0
0
0
0
0
0
0
0
0
0
0
0
0
0
0
0
0
0
0
0
0
0
0
0
0
0
0
0
0
0
0
0
0
0
0
0
0
0
0
0
0
0
0
0
0
0
0
0
0
0
0
0
0
0
0
0
0
0
0
0
0
0
0
0
0
0
0
0
0
0
0
0
0
0
0
0
0
0
0
0
0
0
0
0
0
0
0
0
0
0
0
0
0
0
0
0
0
0
0
0
0
0
0
0
0
0
0
0
0
0
0
0
0
0
0
0
0
0
0
0
0
0
0
0
0
0
0
0
0
0
0
0
0
0
0
0
0
0
0
0
0
0
0
0
0
0
0
0
0
0
0
0
0
0
0
0
0
0
0
0
0
0
0
0
0
0
0
0
0
0
0
0
0
0
0
0
0
0
0
0
0
0
0
0
0
0
0
0
0
0
0
0
0
0
0
0
0
0
0
0
0
0
0
0
0
0
0
0
0
0
0
0
0
0
0
0
0
0
0
0
0
0
0
0
0
0
0
0
0
0
0
0
0
0
0
0
0
0
0
0
0
0
0
0
0
0
0
0
0
0
0
0
0
0
0
0
0
0
0
0
0
0
0
0
0
0
0
0
0
0
0
0
0
0
0
0
0
0
0
0
0
0
0
0
0
0
0
0
0
0
0
0
0
0
0
0
0
0
0
0
0
0
0
0
0
0
0
0
0
0
0
0
0
0
0
0
0
0
0
0
0
0
0
0
0
0
0
0
0
0
0
0
0
0
0
0
0
0
0
0
0
0
0
0
0
0
0
0
0
0
0
0
0
0
0
0
0
0
0
0
0
0
0
0
0
0
0
0
0
0
0
0
0
0
0
0
0
0
0
0
0
0
0
0
0
0
0
0
0
0
0
0
0
0
0
0
0
0
0
0
0
0
0
0
0
0
0
0
0
0
0
0
0
-248
6
19
-17
-138
-32
1
-14
70
-33
-15
-232
-238
-1
-154
30
-68
-151
-147
2
-43
-124
-98
-121
-46
-186
-155
130
-88
12
-5
-64
-243
-187
-97
-11
-374
429
115
-336
163
-198
-397
-57
-307
71
-216
-119
41
-269
-65
155
77
-161
84
-167
139
-383
222
-74
-163
33
-62
368
126
-96
-271
-19
-220
226
178
-475
-14
-491
-221
-49
-460
40
-105
-384
-104
-211
5
162
220
-87
250
74
106
-370
-7
239
-268
-10
124
244
259
-61
63
-78
400
-10
157
-18
-191
-79
-199
331
-123
353
309
10
-44
140
54
-132
38
71
-302
-86
-165
30
71
164
240
-17
312
1
275
6
82
21
922
204
57
-169
-32
184
99
233
88
563
129
-129
134
468
719
-320
-51
-279
-237
-143
-150
-52
118
-5
309
-281
673
233
-191
-112
-31
47
-238
-38
-241
-109
20
-160
-268
-391
-292
-123
-244
-106
-58
-245
-99
11
14
-141
-8
-93
-101
-159
-177
-224
-67
-24
-145
7
-381
-54
-14
570
-511
302
-273
-397
314
-302
-482
-150
-748
-279
-405
212
-91
-530
-258
47
122
-281
72
42
474
-219
-237
90
-224
404
-492
319
286
24
-117
428
-252
333
10
-264
350
-443
-446
268
-581
49
-203
-154
-99
-218
-31
428
176
32
75
24
308
167
-24
503
-355
183
-61
86
803
372
-204
-295
719
133
-96
330
-211
140
478
22
279
575
579
-33
210
-10
459
-172
-97
-389
-23
146
-144
185
-52
57
-85
-46
725
-330
228
395
203
-21
431
-113
-453
142
-73
356
732
77
466
776
461
51
337
224
320
-163
-262
-285
-240
11
-128
188
68
-14
265
55
533
-252
163
-13
-121
17
-378
78
-101
157
-14
-174
-437
50
56
-256
-136
-149
-18
-179
-47
64
9
98
59
175
-80
118
-47
150
-78
62
-264
26
168
-371
98
-154
-302
-12
-183
-262
288
-312
-388
183
-146
-234
7
328
78
-135
-43
346
260
379
99
-168
63
145
53
373
93
-207
-361
119
393
-83
72
150
10
422
314
-537
374
-408
-561
440
-235
84
-171
-113
148
87
-56
292
175
312
158
6
314
221
92
465
-31
-373
202
276
264
224
-169
-377
-39
-185
-131
406
-426
199
322
-422
343
88
363
361
-26
-170
172
151
73
-269
305
419
-16
-95
196
-402
-117
107
457
-350
-122
71
135
-432
-229
-274
-197
395
-77
266
427
-188
197
-33
199
103
-66
60
-526
-187
-379
12
-208
431
89
-112
58
-233
-38
206
-70
-130
86
314
226
-20
30
168
238
99
-30
260
-82
327
-110
-115
120
97
36
-10
-127
-16
25
46
161
205
269
160
185
67
184
256
-57
-1
-129
46
80
-204
-339
304
378
71
178
-350
-527
264
-264
321
-132
66
65
-37
213
104
-109
355
9
-100
90
-216
161
213
98
-9
-63
231
170
-443
-295
393
-224
381
471
-29
189
-343
-100
-702
101
532
-322
-351
-247
-38
568
53
-47
-281
28
-491
156
-286
180
-12
-187
-92
358
184
-203
-18
-99
120
-226
-177
-202
665
-12
-103
39
-125
62
-269
-342
185
-419
83
-9
136
20
-113
427
128
398
-470
-101
-6
-134
149
38
-424
-564
-254
8
-278
-172
-252
-22
28
-333
-197
-311
-280
-475
-246
36
-167
-85
-172
-347
170
-117
62
16
344
-119
-285
-111
-62
-47
94
-398
-169
-177
-82
61
158
-51
-65
103
78
-111
42
4
-143
-103
52
100
88
-94
143
-23
-75
110
42
69
-131
94
-244
-250
94
119
-22
194
19
-27
98
-19
382
-8
218
152
-237
-60
83
116
-347
-87
-82
17
-42
-45
-85
-68
-66
59
-38
187
-144
23
-79
-34
340
169
314
161
384
80
234
-253
355
-83
-71
-351
-6
385
108
42
-80
-26
-132
-158
199
76
157
-95
345
124
21
-202
-47
278
46
-164
-144
221
-193
136
-155
-396
194
67
-168
-59
-192
-90
115
26
-34
-168
-28
241
-112
-195
-186
15
143
43
-102
-194
96
153
7
96
-72
6
-35
291
63
161
-124
-51
-163
-177
-298
-229
-247
-213
-45
-71
-417
-279
11
-123
-250
-583
-360
-74
-117
-65
91
-154
148
-84
160
-42
-273
-113
-80
-145
-17
-364
-255
102
-165
-20
-60
130
27
14
40
14
171
92
-31
227
-2
91
-46
-69
-33
-2
-37
42
82
-50
117
-35
12
10
78
-81
-61
0
92
252
-152
48
-11
51
-438
103
-27
0
120
-34
168
-33
89
-62
100
-121
19
-139
-105
-158
109
-167
40
-107
148
95
7
149
-21
87
-303
393
125
-219
129
-49
-176
12
-403
-84
41
-127
119
210
124
41
209
41
147
28
-35
-69
197
-578
115
-85
245
5
-166
194
59
137
29
62
13
-134
2
-227
136
141
-278
12
290
-392
-111
-21
-8
184
-86
104
-153
-140
48
-35
353
-100
-102
-139
126
155
-113
251
-303
16
220
205
-115
-6
-7
-182
7
4
-9
33
29
-129
-333
15
-36
79
110
115
-110
-96
-208
-237
-40
13
139
-207
93
-83
-223
-3
-347
-60
-23
-110
185
139
9
-177
152
259
-4
-101
-9
-160
157
120
-96
86
-116
164
-15
-6
46
99
169
150
342
4
132
-38
-35
9
74
23
-15
-188
130
8
-75
32
217
314
-125
-94
-142
-96
81
-179
5
11
-222
-8
158
-219
-373
15
-124
29
4
129
22
147
-60
-14
134
-65
-22
-291
258
304
274
53
-174
168
58
349
261
153
-57
29
269
18
511
261
266
-26
-161
-264
-219
-115
65
691
256
131
-320
216
483
224
120
-115
276
49
-307
-119
-38
-84
-71
66
197
16
182
112
137
27
305
143
237
15
290
46
153
156
-196
119
26
-286
209
-46
-50
-142
337
-90
95
112
-87
-181
-26
-104
-146
14
-411
-500
347
70
-289
-169
38
246
77
110
-213
-243
151
106
-96
3
-18
6
-73
-186
141
-229
77
-102
455
153
1
96
55
-59
21
177
259
56
-257
243
52
-90
244
48
61
296
-59
198
78
-161
194
157
46
-235
55
32
227
156
-88
85
289
-66
243
-262
-118
-203
-27
-169
154
287
-260
317
355
132
433
190
-513
85
-46
-217
-9
-272
425
-210
210
-420
-255
65
164
-229
-94
214
-137
203
-111
-453
-301
-166
451
638
-301
-205
192
191
-64
-295
23
-354
-344
-165
176
-376
370
-184
-66
316
119
-594
655
43
-26
-657
-274
177
-48
-323
49
-203
597
163
-516
-20
100
-252
134
-59
80
327
-348
-187
128
401
61
445
-119
304
64
-114
79
18
531
-574
-96
349
175
345
-235
-219
-291
306
-63
189
-309
234
-427
-593
582
-509
349
152
-312
-214
-117
511
-203
136
221
-415
-372
-507
-94
504
176
173
-143
278
144
394
-26
-105
-288
183
-311
-185
-163
-233
-59
-113
288
119
250
34
-160
-19
87
199
4
-56
309
110
-53
-464
469
236
67
68
-170
52
-277
666
153
-113
-414
-368
200
220
-998
-339
-529
-404
801
-207
-54
173
-178
180
309
296
-471
-419
362
-122
-403
-296
113
736
75
95
93
-221
-84
354
-182
99
-108
-180
184
172
-770
-233
-309
-875
132
-579
325
-142
-197
243
244
175
-99
-405
34
-218
-149
205
215
292
253
273
119
-180
97
-15
-115
23
350
-37
-108
-1
-158
-119
-91
-231
-4
-96
198
401
-195
-115
84
231
271
209
2
310
-4
-241
-59
-114
-54
220
-80
7
-215
335
284
-189
198
-22
-151
-38
151
-65
233
229
34
188
112
34
-291
267
-36
-42
-173
19
-137
-334
-129
-117
20
-88
-254
-271
6
57
-115
37
-200
6
-282
-111
193
-29
-243
-298
28
-102
294
-440
31
-2
-135
-122
-158
-136
-47
-83
-58
379
-53
-133
-194
219
211
33
314
236
-52
-643
-175
-359
553
48
221
349
-426
-212
-143
-123
-641
-765
21
142
-234
-257
-154
12
-169
-21
-162
531
-188
-153
-561
-100
349
162
634
-99
344
-716
-146
-316
481
7
-22
-461
115
219
145
-361
-672
-548
-118
223
-275
-36
118
-294
354
219
-7
277
-98
186
-235
-287
121
-72
21
36
440
13
164
237
506
199
-87
-240
542
124
298
246
-191
23
-131
139
-230
122
196
-502
505
372
56
286
-170
96
97
-269
9
-120
-155
-45
297
-142
218
48
120
252
35
-192
357
-90
167
142
-33
162
99
171
191
402
110
-213
65
397
-230
127
-131
-160
251
-54
-185
87
194
-7
-79
0
0
0
0
0
0
0
0
0
0
0
0
0
0
0
0
0
0
0
0
0
0
0
0
0
0
0
0
0
0
0
0
0
0
0
0
0
0
0
0
0
0
0
0
0
0
0
0
0
0
0
0
0
0
0
0
0
0
0
0
0
0
0
0
0
0
0
0
0
0
0
0
0
0
0
0
0
0
0
0
0
0
0
0
0
0
0
0
0
0
0
0
0
0
0
0
0
0
0
0
0
0
0
0
0
0
0
0
0
0
0
0
0
0
0
0
0
0
0
0
0
0
0
0
0
0
0
0
0
0
0
0
0
0
0
0
0
0
0
0
0
0
0
0
0
0
0
0
0
0
0
0
0
0
0
0
0
0
0
0
0
0
0
0
0
0
0
0
0
0
0
0
0
0
0
0
0
0
0
0
0
0
0
0
0
0
0
0
0
0
0
0
0
0
0
0
0
0
0
0
0
0
0
0
0
0
0
0
0
0
0
0
0
0
0
0
0
0
0
0
0
0
0
0
0
0
0
0
0
0
0
0
0
0
0
0
0
0
0
0
0
0
0
0
0
0
0
0
0
0
0
0
0
0
0
0
0
0
0
0
0
0
0
0
0
0
0
0
0
0
0
0
0
0
0
0
0
0
0
0
0
0
0
0
0
0
0
0
0
0
0
0
0
0
0
0
0
0
0
0
0
0
0
0
0
0
0
0
0
0
0
0
0
0
0
0
0
0
0
0
0
0
0
0
0
0
0
0
0
0
0
0
0
0
0
0
0
0
0
0
0
0
0
0
0
0
0
0
0
0
0
0
0
0
0
0
0
0
0
0
0
0
0
0
0
0
0
0
0
0
0
0
0
0
0
0
0
0
0
0
0
0
0
0
0
0
0
0
0
0
0
0
0
0
0
0
0
0
0
0
0
0
0
0
0
0
0
0
0
0
0
0
0
0
0
0
0
0
0
0
0
0
0
0
0
0
0
0
0
0
0
0
0
0
0
0
0
0
0
0
0
0
0
0
0
0
0
0
0
0
0
0
0
0
0
0
0
0
0
0
0
0
0
0
0
0
0
0
0
0
0
0
0
0
0
0
0
0
0
0
0
0
0
0
0
0
0
0
0
0
0
0
0
0
0
0
0
0
0
0
0
0
0
0
0
0
0
0
0
0
0
0
0
0
0
0
0
0
0
0
0
0
0
0
0
0
0
0
0
0
0
0
0
0
0
0
0
0
0
0
0
0
0
0
0
0
0
0
0
0
0
0
0
0
0
0
0
0
0
0
0
0
0
0
0
0
0
0
0
0
0
0
0
0
0
0
0
0
0
0
0
0
0
0
0
0
0
0
0
0
0
0
0
0
0
0
0
0
0
0
0
0
0
0
0
0
0
0
0
0
0
0
0
0
0
0
0
0
0
0
0
0
0
0
0
0
0
0
0
0
0
0
0
0
0
0
0
0
0
0
0
0
0
0
0
0
0
0
0
0
0
0
0
0
0
0
0
0
0
0
0
0
0
0
0
0
0
0
0
0
0
0
0
0
0
0
0
0
0
0
0
0
0
0
0
0
0
0
0
0
0
0
0
0
0
0
0
0
0
0
0
0
0
0
0
0
0
0
0
0
0
0
0
0
0
0
0
0
0
0
0
0
0
0
0
0
0
0
0
0
0
0
0
0
0
0
0
0
0
0
0
0
0
0
0
0
0
0
0
0
0
0
0
0
0
0
0
0
0
0
0
0
0
0
0
0
0
0
0
0
0
0
0
0
0
0
0
0
0
0
0
0
0
0
0
0
0
0
0
0
0
0
0
0
0
0
0
0
0
0
0
0
0
0
0
0
0
0
0
0
0
0
0
0
0
0
0
0
0
0
0
0
0
0
0
0
0
0
0
0
0
0
0
0
0
0
0
0
0
0
0
0
0
0
0
0
0
0
0
0
0
0
0
0
0
0
0
0
0
0
0
0
0
0
0
0
0
0
0
0
0
0
0
0
0
0
0
0
0
0
0
0
0
0
0
0
0
0
0
0
0
0
0
0
0
0
0
0
0
0
0
0
0
0
0
0
0
0
0
0
0
0
0
0
0
0
0
0
0
0
0
0
0
0
0
0
0
0
0
0
0
0
0
0
0
0
0
0
0
0
0
0
0
0
0
0
0
0
0
0
0
0
0
0
0
0
0
0
0
0
0
0
0
0
0
0
0
0
0
0
0
0
0
0
0
0
0
0
0
0
0
0
0
0
0
0
0
0
0
0
0
0
0
0
0
0
0
0
0
0
0
0
0
0
0
0
0
0
0
0
0
0
0
0
0
0
0
0
0
0
0
0
0
0
0
0
0
0
0
0
0
0
0
0
0
0
0
0
0
0
0
0
0
0
0
0
0
0
0
0
0
0
0
0
0
0
0
0
0
0
0
0
0
0
0
0
0
0
0
0
0
0
0
0
0
0
0
0
0
0
0
0
0
0
0
0
0
0
0
0
0
0
0
0
0
0
0
0
0
0
0
0
0
0
0
0
0
0
0
0
0
0
0
0
0
0
0
0
0
0
0
0
0
0
0
0
0
0
0
0
0
0
0
0
0
0
0
0
0
0
0
0
0
0
0
0
0
0
0
0
0
0
0
0
0
0
0
0
0
0
0
0
0
0
0
0
0
0
0
0
0
0
0
0
0
0
0
0
0
0
0
0
0
0
0
0
0
0
0
0
0
0
0
0
0
0
0
0
0
0
0
0
0
0
0
0
0
0
0
0
0
0
0
0
0
0
0
0
0
0
0
0
0
0
0
0
0
0
0
0
0
0
0
0
0
0
0
0
0
0
0
0
0
0
0
0
0
0
0
0
0
0
0
0
0
0
0
0
0
0
0
0
0
0
0
0
0
0
0
0
0
0
0
0
0
0
0
0
0
0
0
0
0
0
0
0
0
0
0
0
0
0
0
0
0
0
0
0
0
0
0
0
0
0
0
0
0
0
0
0
0
0
0
0
0
0
0
0
0
0
0
0
0
0
0
0
0
0
0
0
0
0
0
0
0
0
0
0
0
0
0
0
0
0
0
0
0
0
0
0
0
0
0
0
0
0
0
0
0
0
0
0
0
0
0
0
0
0
0
0
0
0
0
0
0
0
0
0
0
0
0
0
0
0
0
0
0
0
0
0
0
0
0
0
0
0
0
0
0
0
0
0
0
0
0
0
0
0
0
0
0
0
0
0
0
0
0
0
0
0
0
0
0
0
0
0
0
0
0
0
0
0
0
0
0
0
0
0
0
0
0
0
0
0
0
0
0
0
0
0
0
0
0
0
0
0
0
0
0
0
0
0
0
0
0
0
0
0
0
0
0
0
0
0
0
0
0
0
0
0
0
0
0
0
0
0
0
0
0
0
0
0
0
0
0
0
0
0
0
0
0
0
0
0
0
0
0
0
0
0
0
0
0
0
0
0
0
0
0
0
0
0
0
0
0
0
0
0
0
0
0
0
0
0
0
0
0
0
0
0
0
0
0
0
0
0
0
0
0
0
0
0
0
0
0
0
0
0
0
0
0
0
0
0
0
0
0
0
0
0
0
0
0
0
0
0
0
0
0
0
0
0
0
0
0
0
0
0
0
0
0
0
0
0
0
0
0
0
0
0
18
-33
-77
-24
46
19
-8
168
-91
55
119
231
42
2
-15
-22
-61
-15
25
19
7
22
27
43
-73
18
-35
64
-28
-33
-15
-56
25
19
-6
7
34
184
213
167
29
244
39
-11
-294
-35
248
-34
-26
44
-237
-18
6
12
-82
-405
-303
-113
116
-80
74
-109
101
53
-107
-334
-43
54
-13
382
7
-129
-332
67
-180
-267
-230
11
20
0
-105
-206
-208
77
133
-18
16
-203
120
-194
-272
253
-102
-5
129
268
101
-232
44
-56
431
62
166
-35
-156
97
-263
104
-233
116
53
-71
-312
-296
328
-41
-341
67
333
132
55
10
-177
163
-359
139
4
28
-64
-38
165
-22
249
198
55
-11
14
33
-77
-95
-274
98
-47
48
-272
-35
9
-4
-39
139
-42
47
339
-249
199
347
-92
228
22
178
2
-12
-8
9
-147
293
-5
-91
-124
-210
34
46
108
-67
87
-105
24
-14
198
7
28
81
-204
81
30
180
82
176
-84
38
-71
240
378
-365
-525
164
143
163
-60
-366
-195
-246
-82
187
-71
259
-307
-274
75
136
550
1
-3
251
-414
-125
-339
90
232
224
-164
-227
240
-29
179
-341
-386
-253
-316
561
266
173
-384
-523
-355
97
-259
245
-390
-37
-98
-316
402
76
27
189
-76
-534
-397
193
-82
339
-444
-283
-158
199
349
-18
30
-91
-269
90
114
446
107
-286
124
-113
30
-142
-321
70
-247
-455
-74
-120
-247
-196
-107
-154
-181
23
39
62
17
-102
-172
-236
-68
-354
-244
189
131
253
103
252
-53
-351
516
-241
93
88
-115
-24
-45
-288
271
209
133
-614
-271
-93
148
59
240
-181
-318
-243
-173
25
276
-271
34
62
-322
632
386
-844
131
-581
-473
211
-993
-30
-119
83
-57
-111
-461
-1
-22
5
246
-486
12
-118
218
107
-70
188
-71
698
344
-524
-197
-64
-336
404
266
-780
-7
-457
-890
330
-722
-11
-328
-395
-264
-189
213
-95
-8
-24
-79
-250
-211
-37
217
355
-292
-310
12
438
-86
8
-427
197
-230
226
-9
-263
-437
-476
-686
54
180
-51
6
-215
111
-125
264
452
411
-299
351
-62
-55
-30
39
-226
-189
-21
-108
62
54
205
90
-267
-482
103
-71
391
633
114
408
-50
212
-310
-167
-268
240
-359
-411
51
-5
523
41
69
-33
-13
-216
237
19
-356
-559
231
-16
43
127
353
-443
433
-347
513
357
13
20
-10
46
-143
-67
267
115
122
-25
90
166
37
260
54
511
295
-212
173
-51
-77
-177
139
-378
-177
195
224
159
482
94
-404
410
-168
-259
229
-639
-35
34
256
18
-129
-259
72
110
-48
-88
-459
297
-282
65
117
387
427
105
342
-338
314
-224
469
398
548
436
276
272
348
-220
111
-710
-28
-252
-64
-26
481
-246
424
409
-361
284
-350
335
96
-18
42
203
191
242
362
-246
688
99
204
167
-176
-416
127
-378
274
166
498
-200
-331
234
242
252
19
-254
190
479
112
-23
-68
-64
392
148
-356
-31
164
218
-65
205
146
136
93
-46
167
-132
-312
-107
-26
132
-67
-285
-64
-349
-110
291
244
-746
-6
0
65
-196
-218
-58
-144
-63
6
26
-338
-176
175
50
141
90
503
-45
359
328
-240
370
123
-218
127
-475
261
132
214
1
370
125
-115
145
284
403
-59
229
-216
182
331
205
73
352
590
-604
2
66
253
-59
-84
-101
24
140
-102
-17
-396
186
191
17
110
-61
124
37
134
16
67
-590
-17
179
-51
-520
-139
132
57
229
48
-239
-508
-38
-140
162
-208
-454
376
-22
223
145
317
426
145
-170
232
117
9
87
148
230
47
-21
52
160
-55
-451
-34
151
94
-17
-75
-227
-170
124
82
-19
-395
86
63
-109
223
376
-58
203
390
53
27
19
53
18
72
140
153
-121
-92
124
-115
-165
-148
-59
299
253
114
-109
-91
-50
177
29
-89
166
-461
391
203
-182
-370
-242
184
-145
-383
-397
95
373
-249
27
-98
-67
-470
-363
-125
-186
195
-70
162
59
187
70
194
-13
231
-105
-26
180
-175
369
432
519
-74
395
65
396
32
-25
410
105
130
54
149
-142
-49
305
-53
-19
124
196
33
434
226
91
78
104
33
192
12
0
200
9
129
125
87
-103
-4
93
49
8
89
-90
-8
80
82
240
-13
-86
136
137
16
63
-27
5
-19
-118
231
76
-138
193
80
35
196
-153
-6
96
-338
55
-13
-128
84
123
-67
-150
-60
69
-109
-232
137
81
3
-370
-305
163
-140
13
115
-46
-21
-368
40
34
364
-174
373
6
149
173
-164
49
-16
-17
80
-163
-68
132
55
-44
74
227
188
94
-134
-375
156
-45
-48
-39
162
201
-219
-301
22
-47
307
37
152
110
-99
220
125
247
-52
-174
-278
-77
62
181
-101
-209
4
19
-293
-293
-66
-69
197
-59
-134
-107
259
164
0
-186
-2
-103
56
134
-45
49
-80
184
-112
157
-111
81
-91
-122
-55
-55
-212
-206
-121
21
-321
-50
51
57
83
-147
60
-67
76
210
93
93
87
45
79
-42
320
-148
-68
205
-363
422
109
-39
53
42
-98
-129
85
37
-43
-175
228
-114
128
-206
70
217
98
122
68
-102
279
23
5
-282
234
-45
235
-20
-24
265
106
61
74
-35
-92
248
116
-64
211
117
-25
-43
-16
173
-46
33
80
27
92
103
139
388
16
-230
-308
-252
231
-67
114
-55
143
-58
190
178
-111
-294
-117
-63
59
-189
77
-6
-7
23
254
-202
-50
232
107
-65
-69
-25
251
312
-71
132
-12
-210
427
326
172
-167
251
113
401
296
126
12
81
149
-251
7
-153
-81
161
-115
205
-153
-64
190
309
73
-135
93
-14
97
-73
-107
94
16
186
-15
707
135
-42
114
27
92
-118
38
-186
95
-159
179
158
114
-283
20
-223
-3
156
-11
68
-100
-154
122
28
180
-63
104
-91
270
6
48
-178
96
5
-25
45
-158
-146
336
159
11
-94
-154
92
-130
-96
-75
-66
-41
-148
252
86
250
-77
39
72
114
114
255
246
179
-54
149
-115
-65
182
21
-262
296
47
43
65
65
345
74
-15
-92
2
144
180
-25
-109
295
-211
278
-3
200
52
211
-121
-127
141
71
8
-217
-208
180
147
285
-350
235
-148
-239
133
385
185
-222
-309
98
-322
276
118
-63
140
261
-17
75
-139
-4
-333
169
25
-162
-149
504
373
187
-567
490
173
-279
-103
145
287
-357
-10
195
622
39
160
442
-321
70
-265
228
54
430
-48
-128
-248
137
155
251
73
-76
206
-185
403
-99
-223
271
37
53
196
115
141
-25
-177
20
260
207
313
331
211
0
-85
51
-46
-34
225
-145
46
-43
203
-21
-25
-116
21
43
-77
-74
140
-148
153
434
131
-158
62
93
8
-69
99
-73
26
105
59
-283
-260
-24
-84
-101
-306
29
29
198
65
123
-57
-35
-101
221
-6
41
14
-316
262
327
450
202
167
273
58
187
148
53
-136
241
144
55
-211
-480
92
44
-181
-213
-242
493
84
-16
-107
372
-454
36
-99
-92
-140
-507
190
51
-163
-105
233
116
132
-38
-61
-39
-715
-367
384
487
-412
-718
12
157
54
383
-151
-14
178
413
-404
-2
-133
172
-29
146
-563
39
-142
-318
-150
-676
240
-271
-430
350
618
276
-310
159
-309
218
-772
-676
-352
42
143
164
-433
184
167
184
42
-132
285
403
314
393
-762
-109
68
-175
-82
-240
246
-44
-77
-152
491
643
-389
192
-102
-78
-579
-642
-286
116
207
-127
-263
617
232
73
-256
-49
-233
-494
45
-160
-216
-7
-625
-7
221
-285
-18
-189
-79
-54
-212
-13
1
9
25
-270
-192
-190
-134
180
160
-124
-195
-26
-93
37
-650
-409
-325
-453
801
547
-356
-466
-802
-7
506
-402
200
-551
-164
-355
-383
-254
-456
-199
-259
134
-496
-433
-460
87
320
-422
-201
-366
298
-514
-502
-450
597
-452
544
111
324
-72
-166
-397
-953
-626
10
-568
-110
-456
-856
380
-444
78
-812
859
-419
-229
-861
-251
777
-683
43
-421
852
64
-450
-360
747
-542
223
-12
365
418
-71
-136
-721
-538
173
-282
-288
-469
-543
-6
88
159
-569
-88
-586
118
-339
-268
383
-521
-119
-11
458
6
49
-180
248
-309
-199
-234
238
-142
145
489
-425
3
-113
13
33
-54
-112
-129
116
25
-418
-384
-270
61
-53
-158
-223
-367
64
53
-288
-119
186
15
-72
12
6
-19
182
-122
-86
-14
-291
271
15
35
89
-106
-247
122
18
-101
-73
-343
216
208
-40
-180
-654
-129
-13
-38
113
-142
-70
-11
-135
-344
-307
-275
789
-109
-81
-64
-362
240
-191
-329
75
-167
-316
-220
148
-162
-219
453
135
200
6
-642
-238
-304
-124
-110
-470
52
-85
-468
111
-187
569
183
223
217
81
84
-262
-156
-160
-348
-217
-208
-490
-660
238
4
-205
445
-52
338
-376
-8
310
-392
-304
-98
315
98
-319
-320
-151
-64
152
108
154
98
-67
-363
206
-229
101
-443
-395
21
-303
179
323
569
-156
543
-5
134
71
-76
610
-554
-238
110
437
114
-121
-390
120
-144
442
444
-13
106
60
-286
273
-76
-111
24
-249
16
51
35
37
285
236
117
-96
-82
392
533
368
-76
-11
-39
598
123
312
325
-209
212
-237
-206
99
-47
18
-58
-244
59
-204
-42
233
225
81
36
123
-33
-185
-301
347
478
258
-101
-166
125
-55
50
-182
19
187
104
-439
107
-444
-178
268
486
242
265
49
164
-206
-482
140
520
262
-201
346
102
119
-153
448
210
24
-218
209
106
-240
-36
-242
246
-132
-286
-173
128
206
190
510
164
95
-293
24
24
188
-301
-61
274
378
-387
614
788
201
331
-412
53
56
394
216
254
105
406
226
492
-168
-336
716
15
205
-151
-32
250
111
45
57
-322
204
-325
-427
-155
217
-127
353
111
-374
591
-63
331
-273
321
304
128
-37
-121
85
218
-97
-242
397
176
510
48
-202
117
156
-18
-79
50
253
140
-388
56
146
-142
68
171
-429
-50
-143
-226
3
150
550
-184
-25
54
180
494
67
154
-356
283
0
130
-351
-62
36
191
400
-132
60
337
141
108
221
-169
-151
-136
107
-210
-140
44
244
242
-31
276
-252
291
116
34
-55
-84
63
0
-15
402
-523
-49
-438
-226
243
-460
234
-23
189
-51
-3
-403
54
-51
30
47
-162
-126
-125
-49
-98
111
196
192
69
-427
-178
134
-51
-35
344
335
990
-11
-5
-43
-708
-277
257
-253
-123
-78
-372
517
313
-21
-323
739
-145
144
-164
-231
14
-174
-11
-134
141
-326
-210
-391
432
12
547
-498
-48
806
401
296
-355
-286
122
-310
-110
-279
-127
-265
130
179
-265
476
-432
95
-284
-313
636
-387
-337
185
278
-178
134
-98
437
-84
200
-101
-390
243
516
131
188
-366
-328
121
239
-142
101
59
122
315
-10
266
-159
140
-27
-181
398
129
-56
76
-41
-51
-168
-140
-30
321
215
357
10
-75
-14
-45
315
297
345
19
-230
-50
196
326
-206
-98
51
111
-191
-258
-184
210
-156
212
-6
123
119
-397
33
-86
7
-136
56
123
422
-393
264
-47
-391
224
-3
-200
88
157
-247
179
-4
340
-491
244
116
-105
-104
-315
-121
-17
-92
15
466
145
-322
46
426
81
193
-455
926
357
181
78
-354
23
-178
-495
277
-254
-65
352
-15
-53
-410
1118
-302
362
101
-268
-218
79
-494
100
-15
378
-28
-213
503
173
-12
-332
-402
286
-142
13
8
-150
-80
-108
91
-116
52
60
-229
125
-38
396
-128
29
68
-129
558
99
-474
256
-105
233
216
-22
-12
351
15
-91
-193
139
9
-60
456
263
-85
115
191
-79
69
-123
-155
65
102
-173
-367
-114
73
123
-144
364
-12
94
2
-248
143
55
-162
227
180
56
-159
-177
155
152
-70
279
335
40
82
20
221
72
-41
91
8
-67
84
150
94
-82
-79
-39
-19
157
247
-213
-142
267
-242
-4
190
187
-256
-287
-197
-207
76
78
81
-286
28
-41
-77
401
40
-115
-284
314
-153
-245
-3
127
248
68
-36
78
444
123
-467
100
203
-246
-48
-327
393
223
159
-108
-202
-292
-263
-299
5
170
-84
-2
-124
-43
19
292
-212
62
-158
84
178
-337
-454
-449
585
381
-162
225
318
-58
-109
-404
360
472
181
-290
65
-256
-148
67
353
-142
182
-100
-212
-123
23
78
68
-54
-15
-162
525
62
-37
193
216
-16
84
151
151
210
81
-225
290
-50
222
140
-320
71
64
162
282
163
-311
115
221
10
-133
-137
-186
46
-90
-220
5
-28
-168
223
-138
258
45
39
0
139
-35
-3
213
-42
31
99
125
-58
-11
50
36
-47
23
92
-36
29
-57
67
3
-81
59
107
-65
-51
-31
10
-80
-126
90
2
-110
324
-217
-4
235
2
47
148
-106
68
-8
43
37
194
-95
-95
52
66
-85
-506
147
23
-117
-296
-76
27
-185
35
-129
-48
112
-110
54
175
-151
-395
-96
-66
70
113
263
231
9
51
17
-309
347
366
-159
-236
252
-377
-82
-75
296
-127
276
85
-158
52
-236
27
-106
-126
76
-80
-344
-12
259
-91
-41
11
-135
158
-12
-80
-348
232
141
165
-168
-408
90
-724
-167
-263
106
-112
-292
323
176
-118
-267
-166
-224
-72
-36
-21
-356
-135
214
1
-29
204
-144
28
-34
99
36
-144
-30
-224
-215
-172
115
-112
-274
3
-164
-264
-248
263
55
12
-330
181
25
220
-16
-82
299
93
296
-178
-117
81
-128
298
-37
1
50
245
81
-273
-35
-40
-171
-257
286
-113
99
-139
57
240
164
131
309
216
217
82
-62
227
110
88
261
196
77
-49
14
9
14
-46
-169
301
-31
-204
69
212
67
131
228
229
200
215
65
-75
363
43
-8
271
354
159
-53
104
134
73
103
-260
-50
-90
204
270
98
386
122
209
53
33
-20
184
-230
-11
307
335
-21
209
-119
144
135
-96
248
111
184
270
-449
189
-502
340
304
-474
168
-141
296
541
-237
41
-3
224
157
-157
-103
17
313
-582
330
93
241
118
-447
-25
58
27
-153
36
112
228
-9
41
-505
-62
411
-13
84
215
-143
537
-138
-177
157
203
166
-86
469
34
-17
32
111
189
-92
86
-249
83
142
141
-394
-332
87
36
331
28
161
-7
-386
248
-7
-53
-47
-34
2
268
289
79
-114
-106
181
8
15
-259
171
259
45
-154
100
319
233
43
61
-121
-72
19
327
407
-69
-171
195
196
109
-90
-212
26
101
29
37
-36
202
47
-83
-16
-144
271
227
56
63
-138
-11
-56
25
158
9
-83
-6
-22
54
389
-217
9
-150
381
341
111
-242
163
-301
1
200
-52
619
-10
-298
86
-338
-147
39
-178
-341
-15
-25
140
-193
38
-459
-73
-104
151
-178
310
52
-8
-404
212
127
340
-132
-174
141
-37
51
114
422
130
87
113
-397
-25
91
37
-225
234
81
-203
-225
308
274
88
460
192
56
-74
181
-98
65
187
-73
185
72
221
86
-28
137
-54
439
-133
150
103
-33
-101
-85
139
-171
-276
8
-206
116
161
174
-262
54
125
343
-116
-18
-51
66
218
267
99
-312
-375
-123
136
220
-57
-75
175
35
-58
-47
-155
-159
108
-80
-203
-153
149
211
171
190
115
354
369
55
153
-173
-350
302
-422
243
277
298
-28
-138
182
42
0
526
38
124
290
159
-291
-85
-398
215
-265
-386
-110
-222
204
-168
305
-85
-1
-505
-12
-145
-103
67
-477
52
-189
-46
-61
73
195
107
-44
22
-201
-925
-568
412
368
-447
-890
235
-3
-102
237
-332
-164
-93
360
-694
-29
-326
-121
160
-69
-579
-65
-70
-397
53
19
217
-60
-635
24
293
-100
-435
-58
-351
142
-823
-605
-154
386
145
177
-400
268
-190
21
-28
79
218
282
220
265
-331
232
-29
-177
-200
-395
206
-232
173
53
95
213
-244
-8
-131
118
-268
-319
-540
-68
185
176
-223
327
302
161
-154
-60
-302
-314
93
-110
-73
-51
-476
-70
345
130
-60
-262
-30
38
-145
-55
23
-83
158
-151
-108
-170
51
204
2
-101
-232
-136
-68
118
-504
-40
-559
-347
240
487
-671
-443
-644
152
422
-216
97
-393
-95
-139
-358
47
-354
-186
13
-273
-318
-496
-127
164
124
-527
-80
-130
291
-334
-589
-502
403
-236
387
-12
173
-226
-71
-383
-585
-365
182
-441
8
-370
-1031
294
-287
149
-653
648
-588
-383
-571
-136
522
-656
-315
-389
688
-63
-306
-440
431
-349
235
-179
191
299
-34
-83
-677
-557
157
-368
-511
-519
-728
90
-76
-14
-590
-269
-276
103
-307
16
108
-730
38
-87
116
26
-170
-113
225
-472
-161
-26
193
142
173
143
-384
-482
-123
-38
32
-292
-346
-323
50
-131
-131
-361
-259
122
-190
-51
-175
-471
0
-409
-85
0
0
0
0
0
0
0
0
0
0
0
0
0
0
0
0
0
0
0
0
0
0
0
0
0
0
0
0
0
0
0
0
0
0
0
0
0
0
0
0
0
0
0
0
0
0
0
0
0
0
0
0
0
0
0
0
0
0
0
0
0
0
0
0
0
0
0
0
0
0
0
0
0
0
0
0
0
0
0
0
0
0
0
0
0
0
0
0
0
0
0
0
0
0
0
0
0
0
0
0
0
0
0
0
0
0
0
0
0
0
0
0
0
0
0
0
0
0
0
0
0
0
0
0
0
0
0
0
0
0
0
0
0
0
0
0
0
0
0
0
0
0
0
0
0
0
0
0
0
0
0
0
0
0
0
0
0
0
0
0
0
0
0
0
0
0
0
0
0
0
0
0
0
0
0
0
0
0
0
0
0
0
0
0
0
0
0
0
0
0
0
0
0
0
0
0
0
0
0
0
0
0
0
0
0
0
0
0
0
0
0
0
0
0
0
0
0
0
0
0
0
0
0
0
0
0
0
0
0
0
0
0
0
0
0
0
0
0
0
0
0
0
0
0
0
0
0
0
0
0
0
0
0
0
0
0
0
0
0
0
0
0
0
0
0
0
0
0
0
0
0
0
0
0
0
0
0
0
0
0
0
0
0
0
0
0
0
0
0
0
0
0
0
0
0
0
0
0
0
0
0
0
0
0
0
0
0
0
0
0
0
0
0
0
0
0
0
0
0
0
0
0
0
0
0
0
0
0
0
0
0
0
0
0
0
0
0
0
0
0
0
0
0
0
0
0
0
0
0
0
0
0
0
0
0
0
0
0
0
0
0
0
0
0
0
0
0
0
0
0
0
0
0
0
0
0
0
0
0
0
0
0
0
0
0
0
0
0
0
0
0
0
0
0
0
0
0
0
0
0
0
0
0
0
0
0
0
0
0
0
0
0
0
0
0
0
0
0
0
0
0
0
0
0
0
0
0
0
0
0
0
0
0
0
0
0
0
0
0
0
0
0
0
0
0
0
0
0
0
0
0
0
0
0
0
0
0
0
0
0
0
0
0
0
0
0
0
0
0
0
0
0
0
0
0
0
0
0
0
0
0
0
0
0
0
0
0
0
0
0
0
0
0
0
0
0
0
0
0
0
0
0
0
0
0
0
0
0
0
0
0
0
0
0
0
0
0
0
0
0
0
0
0
0
0
0
0
0
0
0
0
0
0
0
0
0
0
0
0
0
0
0
0
0
0
0
0
0
0
0
0
0
0
0
0
0
0
0
0
0
0
0
0
0
0
0
0
0
0
0
0
0
0
0
0
0
0
0
0
0
0
0
0
0
0
0
0
0
0
0
0
0
0
0
0
0
0
0
0
0
0
0
0
0
0
0
0
0
0
0
0
0
0
0
0
0
0
0
0
0
0
0
0
0
0
0
0
0
0
0
0
0
0
0
0
0
0
0
0
0
0
0
0
0
0
0
0
0
0
0
0
0
0
0
0
0
0
0
0
0
0
0
0
0
0
0
0
0
0
0
0
0
0
0
0
0
0
0
0
0
0
0
0
0
0
0
0
0
0
0
0
0
0
0
0
0
0
0
0
0
0
0
0
0
0
0
0
0
0
0
0
0
0
0
0
0
0
0
0
0
0
0
0
0
0
0
0
0
0
0
0
0
0
0
0
0
0
0
0
0
0
0
0
0
0
0
0
0
0
0
0
0
0
0
0
0
0
0
0
0
0
0
0
0
0
0
0
0
0
0
0
0
0
0
0
0
0
0
0
0
0
0
0
0
0
0
0
0
0
0
0
0
0
0
0
0
0
0
0
0
125
185
51
106
-26
-19
22
-91
124
-44
-90
-24
172
6
89
116
254
-40
70
-4
-37
159
-183
70
204
306
134
-121
201
78
-14
9
218
-252
-82
-7
-268
-186
-125
-466
227
17
-285
134
-83
-65
-134
87
150
163
-3
88
-10
214
89
-102
-113
8
210
-254
22
54
-64
68
290
0
-132
243
-202
48
9
144
256
28
-98
-2
53
-110
-251
-127
88
-200
150
223
188
184
379
92
-25
-20
167
196
-77
63
297
243
-6
191
-329
18
-38
417
119
313
97
-117
202
-24
-68
233
-192
-207
116
59
-62
373
283
-57
292
-85
-13
216
394
160
-174
-169
183
315
-207
-64
-288
-28
134
210
-27
275
22
90
86
-248
-308
47
-335
-175
16
54
-3
-90
306
-170
33
-268
-61
116
-174
-27
-292
-99
118
171
5
-83
38
242
214
-179
-122
-115
322
140
211
62
-739
219
457
113
-180
27
-60
-76
-42
42
-36
-574
-85
-287
47
50
80
171
144
179
-132
-238
-171
244
-151
-411
32
-490
54
-2
-317
29
-660
-213
584
-112
-186
-179
197
-328
-420
321
-293
-349
41
-170
-191
-216
38
47
444
-299
-220
-92
-359
247
-450
-175
-175
-678
334
30
94
-36
-299
-326
48
-197
-181
116
-104
-52
-306
357
109
124
305
-105
-89
51
-98
-70
186
-42
-247
-163
-208
440
-138
32
123
204
233
-502
171
-24
-81
-249
239
-419
-235
329
373
18
281
174
-189
-340
-1
15
-175
-17
70
-198
389
-309
-509
21
57
-81
-35
4
-379
164
-72
9
-164
247
138
-281
428
59
-32
140
-259
-147
179
409
226
26
-144
12
-328
5
243
-231
247
-187
-558
50
-99
573
116
-531
-392
673
143
437
120
-810
3
60
-97
-67
-204
-136
-67
23
-89
-138
-238
18
109
-426
-391
-118
-40
234
-192
-232
-369
-98
232
173
98
-332
-141
156
368
70
27
-143
-397
-186
-235
105
-109
121
-622
260
160
-182
-220
-111
682
-152
-307
-96
5
242
-51
-196
35
180
179
241
334
-52
-15
-558
437
128
-80
57
-287
-269
-114
0
191
700
-617
33
-59
207
-247
90
559
-144
691
-100
87
622
-61
192
104
-9
-50
-2
220
-133
605
-361
-712
-225
-180
26
-451
393
291
-7
57
485
-175
-220
33
-208
-146
29
-47
-260
376
-771
375
708
152
-129
-379
-275
46
-231
78
-469
-32
83
-465
51
73
-333
-148
154
495
236
-36
-222
-25
-178
-7
-445
353
-20
94
-310
-106
-357
-242
362
255
-764
99
214
131
-1033
-191
-709
-275
438
-46
-72
424
-189
767
-256
166
47
-52
-143
-364
71
-44
-229
-248
601
-136
173
-413
-241
-294
-443
-33
-500
3
2
139
-735
276
-268
-414
253
-171
262
790
-355
705
34
407
323
-142
61
-53
-335
59
-434
-31
143
-509
94
-405
174
8
-194
193
-432
-232
-195
43
41
213
-219
182
55
208
412
834
-426
542
167
279
-37
-404
181
182
-437
-276
-110
146
107
96
-244
-276
78
261
-20
421
-234
-509
-73
228
191
-280
-325
-77
250
358
155
-100
-321
-388
-2
-365
81
-450
-290
-137
129
111
-115
162
244
389
-371
-355
-305
164
201
102
154
-350
-201
28
-70
-1013
-222
-359
81
191
-372
-412
-134
-649
-735
-463
119
-310
-406
-466
52
-260
-249
8
41
505
48
-143
107
-247
113
-764
-112
50
570
293
-180
221
-222
-68
-158
-27
400
-2
-165
135
-241
40
85
86
354
-39
-72
113
-178
565
178
107
316
-164
-456
48
-71
89
-290
609
708
161
-340
-70
187
-93
291
-332
183
-10
567
511
-145
80
131
503
0
253
-54
-193
7
67
150
277
657
380
-131
258
-253
-16
-75
504
304
-253
-353
187
139
-31
237
-295
-90
256
251
391
-11
33
-354
310
-22
203
-312
-295
93
-156
137
-136
87
259
331
133
-322
-3
56
-5
47
-308
-567
160
118
3
-378
186
-192
-328
289
74
-312
212
-86
-83
280
354
-131
-26
259
-9
-50
-158
-12
360
388
57
-576
314
-1
-171
-248
-146
-172
-49
196
134
-357
81
-262
-390
-225
-425
37
27
-138
-91
-136
224
-230
-349
246
12
-152
-50
-636
152
345
16
-341
-101
263
-62
59
55
2
-6
9
-1
-69
12
-1
-104
-261
-23
7
-30
-20
-80
-26
2
10
4
-127
-11
-35
-13
105
-140
-74
25
-3
-4
40
162
159
-121
52
-344
261
-22
299
50
-163
-154
8
-152
-8
-165
26
-46
-219
20
199
19
-131
-29
85
-78
0
-289
39
-110
25
-88
186
6
-243
-256
146
-168
341
-139
-199
28
-92
-74
-169
-304
69
-115
-381
-309
108
57
-48
185
-462
305
-90
-78
-410
-237
589
-115
-41
174
190
75
-166
-261
-42
384
167
40
-28
-56
-298
36
-95
28
177
-274
-205
-290
72
273
-312
56
-209
0
-233
-103
-226
32
466
15
-107
325
286
307
-115
72
-6
670
136
54
-497
109
153
62
132
257
306
121
-368
-86
387
552
-176
42
133
-478
-225
-8
7
261
198
346
49
212
-40
156
-144
55
-57
-429
176
-186
-341
156
-255
-434
212
-298
-135
-221
117
84
-208
-282
-16
-23
20
-53
-13
139
58
217
510
-70
-2
-227
218
168
-116
-242
194
-88
305
-273
-359
3
-655
-660
41
-532
125
-468
-154
-5
-124
24
739
239
-23
-12
-59
260
-53
45
414
-43
118
-170
687
301
-206
-431
90
-3
556
130
-65
-223
-464
-657
131
-46
67
-127
-350
104
-76
-9
104
498
53
176
-312
63
124
-231
225
-426
-183
112
570
458
289
-204
-70
93
121
26
-28
-279
-117
245
-32
452
196
-122
46
117
-193
52
-243
32
-99
-310
111
-7
515
172
23
5
-15
80
-313
428
-37
-185
33
600
77
-85
404
-142
761
902
-62
551
445
482
-197
113
-45
172
-56
-66
-766
-123
121
-374
170
297
-221
198
-156
753
40
-110
-318
140
521
96
556
285
-784
617
-116
-366
69
-835
-364
-353
129
-164
-10
-458
5
-195
160
-280
-333
68
-323
105
385
337
276
-190
393
18
-304
260
541
171
496
269
-44
342
-247
-654
-48
-1012
392
-344
345
-68
204
32
764
803
-166
277
-341
435
-123
-44
493
-177
-10
129
213
-268
242
-291
409
273
141
145
-133
-276
38
-347
-182
-243
-119
47
-31
-226
570
383
476
565
-426
480
-140
-144
-107
20
-132
-308
14
391
-57
-94
-87
59
-359
278
-172
-306
187
744
122
285
54
293
33
-248
-9
-17
-52
-269
-133
-464
76
-319
-63
-33
-65
-269
76
164
-175
-231
2
-267
39
160
-13
-332
307
-74
196
134
320
499
-93
397
-48
-206
282
-147
228
-377
200
126
-228
492
109
15
-67
-182
-6
-397
27
-57
38
-88
55
-80
147
-165
118
149
-92
429
15
90
57
-123
137
-215
161
-120
-108
-21
-151
-76
-115
-169
-211
110
-333
-13
109
115
159
114
368
-522
-289
-46
225
-56
386
15
627
64
85
312
-429
-400
223
135
206
-21
106
264
237
250
-101
62
-50
-40
-168
-457
-192
-66
83
269
441
189
284
-175
-305
77
-246
-514
94
-265
331
183
75
-31
-189
300
-8
171
53
-134
159
342
-149
386
-187
-307
229
-183
131
-161
-192
119
-202
99
66
49
61
317
167
-94
-49
602
-26
-242
88
106
-254
-255
-19
179
264
-330
-140
141
93
-202
-85
67
33
300
312
33
-180
59
425
-151
-160
-175
-3
-320
157
66
116
150
-11
-537
-34
-562
-259
-150
-233
-125
93
-110
-98
232
131
413
-309
62
-141
-55
357
-11
-42
-102
370
-440
80
177
53
15
-117
29
244
-5
27
77
-298
111
209
181
-1
-151
138
32
63
211
25
-129
82
8
-71
-472
-54
-45
-21
138
30
138
-66
9
-143
5
-286
-105
278
66
-24
153
-212
212
145
-12
117
-101
28
213
-24
28
-79
-332
198
-136
130
-108
-222
84
-12
162
-261
100
-128
-22
-397
49
-177
145
159
-175
120
61
114
82
201
134
102
-131
-189
263
-371
-34
7
276
212
-121
160
-66
411
46
-26
-289
20
189
-465
-371
91
-18
439
133
-472
293
14
28
-61
-17
171
-38
-222
-61
-51
134
-277
72
-283
-121
-441
-311
-90
157
271
-69
-36
108
255
111
-98
-216
-7
-258
-159
25
-500
219
96
31
-23
-103
-89
105
81
24
-76
186
79
80
-24
154
-166
-46
-197
4
14
49
-83
89
15
0
0
0
0
0
0
0
0
0
0
0
0
0
0
0
0
0
0
0
0
0
0
0
0
0
0
0
0
0
0
0
0
0
0
0
0
0
0
0
0
0
0
0
0
0
0
0
0
0
0
0
0
0
0
0
0
0
0
0
0
0
0
0
0
0
0
0
0
0
0
0
0
0
0
0
0
0
0
0
0
0
0
0
0
0
0
0
0
0
0
0
0
0
0
0
0
0
0
0
0
0
0
0
0
0
0
0
0
0
0
0
0
0
0
0
0
0
0
0
0
0
0
0
0
0
0
0
0
0
0
0
0
0
0
0
0
0
0
0
0
0
0
0
0
0
0
0
0
0
0
0
0
0
0
0
0
0
0
0
0
0
0
0
0
0
0
0
0
0
0
0
0
0
0
0
0
0
0
0
0
0
0
0
0
0
0
0
0
0
0
0
0
0
0
0
0
0
0
0
0
0
0
0
0
0
0
0
0
0
0
0
0
0
0
0
0
0
0
0
0
0
0
0
0
0
0
0
0
0
0
0
0
0
0
0
0
0
0
0
0
0
0
0
0
0
0
0
0
0
0
0
0
0
0
0
0
0
0
0
0
0
0
0
0
0
0
0
0
0
0
0
0
0
0
0
0
0
0
0
0
0
0
0
0
0
0
0
0
0
0
0
0
0
0
0
0
0
0
0
0
0
0
0
0
0
0
0
0
0
0
0
0
0
0
0
0
0
0
0
0
0
0
0
0
0
0
0
0
0
0
0
0
0
0
0
0
0
0
0
0
0
0
0
0
0
0
0
0
0
0
0
0
0
0
0
0
0
0
0
0
0
0
0
0
0
0
0
0
0
0
0
0
0
0
0
0
0
0
0
0
0
0
0
0
0
0
0
0
0
0
0
0
0
0
0
0
0
0
0
0
0
0
0
0
0
0
0
0
0
0
0
0
0
0
0
0
0
0
0
0
0
0
0
0
0
0
0
0
0
0
0
0
0
0
0
0
0
0
0
0
0
0
0
0
0
0
0
0
0
0
0
0
0
0
0
0
0
0
0
0
0
0
0
0
0
0
0
0
0
0
0
0
0
0
0
0
0
0
0
0
0
0
0
0
0
0
0
0
0
0
0
0
0
0
0
0
0
0
0
0
0
0
0
0
0
0
0
0
0
0
0
0
0
0
0
0
0
0
0
0
0
0
0
0
0
0
0
0
0
0
0
0
0
0
0
0
0
0
0
0
0
0
0
0
0
0
0
0
0
0
0
0
0
0
0
0
0
0
0
0
0
0
0
0
0
0
0
0
0
0
0
0
0
0
0
0
0
0
0
0
0
0
0
0
0
0
0
0
0
0
0
0
0
0
0
0
0
0
0
0
0
0
0
0
0
0
0
0
0
0
0
0
0
0
0
0
0
0
0
0
0
0
0
0
0
0
0
0
0
0
0
0
0
0
0
0
0
0
0
0
0
0
0
0
0
0
0
0
0
0
0
0
0
0
0
0
0
0
0
0
0
0
0
0
0
0
0
0
0
0
0
0
0
0
0
0
0
0
0
0
0
0
0
0
0
0
0
0
0
0
0
0
0
0
0
0
0
0
0
0
0
0
0
0
0
0
0
0
0
0
0
0
0
0
0
0
0
0
0
0
0
0
0
0
0
0
0
0
0
0
0
0
0
0
0
0
0
0
0
0
0
0
0
0
0
0
0
0
0
0
0
0
0
0
0
0
0
0
0
0
0
0
0
0
0
0
0
0
0
0
0
0
0
0
0
0
0
0
0
0
0
0
0
0
0
0
0
0
0
0
0
0
0
0
0
0
0
0
0
0
-7
-242
-116
-59
120
44
9
136
6
191
139
-81
-200
-4
-8
-71
-37
-112
-178
-14
-16
-126
-74
-272
-29
-159
21
22
-42
-27
29
66
-138
-280
13
22
4
259
282
66
160
292
223
177
-375
102
-7
-5
-292
-41
42
-56
20
-58
-106
-250
-79
-346
299
293
-84
-74
-46
-22
-82
29
41
-19
-263
-186
232
-323
-319
88
-290
-77
-57
207
-94
127
11
110
70
-196
-138
223
-268
-136
-50
-131
-19
-161
-44
41
-125
69
-95
7
350
-4
-270
-59
-277
-31
-48
315
-429
-44
-8
26
267
233
-4
2
-317
67
-49
33
79
45
362
-278
79
-327
138
-174
-139
1
-144
-157
141
-35
10
-232
-89
145
14
5
-170
-46
-257
155
245
404
-96
12
-37
-8
-329
-264
234
-183
-137
-307
-69
-25
418
-139
-35
-147
-20
291
7
144
-113
100
-5
-254
38
-26
-175
229
168
-17
-194
-74
0
108
27
-38
141
38
-96
160
145
156
-50
151
-148
-8
-73
-18
-56
51
-73
284
-204
29
-157
261
102
65
238
43
324
-185
11
202
-157
-107
-6
-227
-80
-49
48
-81
-98
-139
-118
-32
-38
-24
-434
-100
-272
276
106
607
-180
-226
-169
76
239
-153
105
-244
-58
22
108
-35
-360
-56
-61
128
-256
-230
-39
327
338
62
-295
99
-198
139
0
37
-154
-39
-409
-298
118
-204
-171
-309
29
182
-124
-119
-221
-49
73
-19
-89
41
-119
20
153
148
-144
109
-152
173
-637
248
-20
-283
-249
-43
376
63
99
-92
-476
-76
-367
-342
40
95
172
155
458
-178
69
-66
-46
-62
139
25
-424
216
168
10
147
328
-62
252
214
-163
-66
45
350
629
7
242
-45
-131
-54
70
60
102
-28
172
380
-127
354
91
48
84
312
13
147
100
3
383
-63
201
46
-80
23
246
155
-100
315
483
170
117
-125
-122
-349
-612
200
-166
3
406
172
-101
307
410
466
-52
82
120
-87
658
-632
669
-147
651
-184
-331
53
138
67
-96
253
412
137
-167
-375
-192
-225
111
-170
-488
-516
234
-32
-8
132
172
641
-226
-687
100
-219
363
-375
433
518
478
-251
-32
116
-465
-408
-120
345
267
81
48
178
-112
-42
318
-139
-108
-536
191
349
84
337
-104
270
-206
353
64
-57
431
-123
185
-70
429
345
-213
170
120
54
11
215
114
147
-42
561
-262
167
-144
-80
-5
-13
121
1
60
271
345
-198
-37
-64
-53
-292
3
13
-78
-219
0
372
169
224
295
181
-248
207
-363
64
316
2
429
154
-491
58
-233
-310
165
-399
227
99
-65
-103
-82
-238
-32
39
94
69
-70
128
-78
336
267
173
125
-53
201
361
-381
-180
317
-112
419
380
-1136
91
-380
-706
651
-1065
400
-22
-67
13
16
-292
-277
-357
52
53
-461
173
-10
735
575
212
303
207
84
-236
56
364
66
-17
171
409
-1112
-192
-355
-444
-88
-589
296
89
-65
14
4
302
435
75
109
-164
-169
12
4
-250
-156
205
220
240
320
155
192
291
-49
-75
-411
-248
194
-684
99
-310
-274
7
-23
102
205
107
135
12
172
-37
200
-171
286
318
174
-334
-461
34
268
-240
-433
360
219
263
-315
386
-327
-289
78
-295
651
661
151
534
5
278
304
153
154
-77
-50
-96
-42
217
101
160
284
375
-19
47
237
-56
-426
-341
-149
-157
351
-232
212
-20
-290
169
105
-71
-93
-167
72
-36
155
-112
-41
-42
-38
71
85
157
-38
194
-294
-196
78
94
232
64
23
-676
117
-389
839
157
141
-328
65
198
-196
87
-488
-372
-41
87
-126
-283
-85
-254
270
369
191
-64
117
239
-440
-465
280
-191
127
151
128
-406
-49
-154
550
-98
-184
-192
-105
69
129
79
179
-57
106
229
-208
25
-66
-277
860
319
175
-245
-212
64
120
-670
-705
118
144
348
-73
-87
2
-148
-86
126
-239
2
-301
-555
19
324
-74
47
-54
83
-168
182
-98
-166
126
-166
162
33
-121
284
54
-205
52
206
-115
-332
-260
-28
174
-11
-210
467
-218
-191
308
35
138
236
145
709
-73
402
-78
45
387
-168
-2
111
-35
186
6
-226
328
33
-155
132
83
-147
-162
47
-186
-125
17
-248
39
2
38
61
-152
-33
-46
-283
0
-54
-20
9
-215
-110
26
-23
-58
2
-247
-165
-184
-34
-22
-19
-12
-13
31
-26
-180
-127
36
-91
210
135
-119
-200
-409
-208
218
-9
40
-355
-216
-269
-109
326
-71
182
-41
-102
-231
-406
-140
-28
146
20
77
-116
287
-12
-177
-162
21
193
143
-12
-358
-338
-210
-241
236
-84
117
61
-109
-194
72
478
-507
-274
252
38
-270
-362
-44
-127
349
-138
183
-60
260
185
-162
-80
-52
191
-16
-50
-257
-38
116
-89
-104
11
241
204
-60
-328
-108
439
-207
-110
366
350
-67
85
-281
-173
54
126
18
103
192
169
-172
79
37
407
82
144
-158
13
96
102
72
38
259
-22
-50
-48
81
196
125
8
15
-215
-182
-54
-77
23
171
80
-230
74
13
50
-126
-143
420
-239
88
122
-236
157
-107
-286
195
-505
0
-323
-3
-162
-75
-69
23
75
9
70
-187
-42
-181
106
178
8
389
-267
74
-20
-229
-384
823
-150
263
250
-678
52
-188
-282
348
-329
255
311
-24
-213
-322
-47
368
175
220
-6
-54
468
63
17
522
-67
427
148
367
151
17
-438
383
-147
186
-17
-302
-184
-422
-234
468
-290
337
202
-219
-49
-57
110
259
84
349
-173
8
-210
-15
18
43
-348
-54
349
129
-75
-245
-347
-525
110
-19
115
24
-9
376
311
34
190
219
-125
-85
-178
-301
538
92
-71
279
-303
-131
-187
15
-62
95
-30
-294
326
-21
199
38
-183
-164
458
-167
-65
106
-50
363
608
-182
324
368
230
-118
94
-42
360
63
-259
-82
70
-244
-148
59
-139
-265
373
-278
379
-77
78
171
72
654
136
20
-2
-156
297
-210
-132
8
-565
-200
-65
83
-225
-156
-230
187
33
68
-57
19
340
-273
51
-52
190
609
-369
100
-263
637
587
613
331
580
-7
-181
287
-157
-212
-77
-479
-390
-67
703
207
262
-188
487
893
205
-210
122
542
-53
-260
174
95
562
5
282
-304
712
129
419
193
257
-409
-207
23
44
-673
349
221
-191
288
296
341
532
-236
592
657
236
-459
-6
151
517
-223
-309
236
136
76
-39
707
-77
164
-272
143
-234
247
-9
-147
-262
-267
461
386
-48
88
-164
510
6
25
-111
-182
210
-583
-98
-179
500
377
-101
46
113
-234
-519
140
-260
58
-144
153
-134
-191
189
-429
130
-154
-68
298
-31
-101
140
170
123
-100
-108
-257
-109
82
-135
-278
114
198
-468
85
56
206
-90
-26
23
77
127
107
45
-130
-395
24
130
19
-175
-140
-9
217
153
-173
-130
-265
-16
72
-222
260
54
85
28
66
-81
-38
241
64
-55
-65
95
489
401
193
290
103
-451
282
-164
-66
-64
-59
286
695
862
203
178
-518
142
230
-24
50
-78
-6
117
75
7
81
598
452
232
-372
495
358
-413
158
-83
-21
-404
-111
49
-177
32
-124
-200
369
210
670
151
-482
97
252
220
-78
106
-22
313
1
36
62
233
604
53
-370
-89
156
-62
-241
-119
-157
-178
-230
109
-99
-99
-30
295
179
54
-97
97
70
362
121
390
-253
-55
125
-137
-111
-360
183
13
-43
-370
119
89
-4
-179
-26
-353
-443
156
-267
115
27
-173
163
-27
-174
383
-19
-99
-37
-6
55
18
316
179
145
29
-116
-182
-157
127
-156
-131
-103
-128
-346
21
-233
-61
41
375
-92
117
204
-172
-55
-92
98
-282
-140
-378
82
-87
-93
-64
134
31
71
-116
-208
139
-299
8
-159
-295
-178
-148
-224
17
-64
-159
-11
-264
-29
128
197
-122
-249
-306
471
167
-136
-212
-298
20
194
159
-127
-173
-255
-96
-27
109
-55
140
98
-36
-370
117
-301
416
136
168
30
-228
-122
108
-30
-233
-762
271
94
149
-80
-176
-363
-209
-61
304
34
76
-218
-106
-458
-449
10
67
-66
100
-240
-307
-38
243
-349
-37
-216
-311
-11
-173
-187
-551
-486
-96
-212
-331
-72
124
308
-99
305
-196
158
-248
-118
-320
-319
-38
-233
-188
7
42
-156
-94
78
113
-216
-75
-213
220
310
80
178
-36
-65
-102
157
111
179
134
-322
148
157
-76
163
-103
331
10
-16
27
111
14
-106
11
108
-39
-75
-131
28
-134
2
-185
-135
-118
109
315
150
2
167
-97
35
41
269
-138
1
138
-157
-53
-144
-34
220
-54
-14
-160
73
-56
94
150
-184
-483
97
-224
71
165
-187
65
426
-95
582
-84
-57
-337
-40
159
-87
-237
-417
23
-93
103
-156
-204
46
-89
16
-137
-44
-308
-344
7
67
-39
232
-284
40
650
-340
341
541
-36
353
58
252
433
10
-249
-390
-198
-338
3
5
183
160
76
-232
-142
83
504
-411
-224
-426
257
60
171
-128
-418
-316
1
-41
211
121
114
-40
-472
31
361
-195
112
-471
212
-199
-2
-319
287
211
97
10
-424
130
382
-354
-265
-32
35
-72
25
-819
-267
-99
38
38
-189
-209
-67
-181
-545
189
431
29
-395
-583
-2
-243
46
-241
-17
379
175
39
-7
-51
331
-522
-317
68
128
18
43
191
-142
31
-102
-298
-30
-207
195
665
75
-171
-16
93
350
304
-236
-115
9
-175
215
74
179
96
-63
161
-59
-22
-124
266
66
234
-237
302
-33
107
616
-74
207
122
-56
646
70
-97
-267
246
71
72
26
-76
-84
73
123
11
40
-180
-139
32
166
97
-162
-93
219
86
-498
-6
-135
-275
664
18
369
302
-151
435
-43
65
476
9
225
-238
-49
-88
104
213
396
-166
177
83
-73
325
85
-332
131
-567
-51
297
-16
-63
104
11
313
349
601
-335
-35
-22
-344
-459
494
32
8
-539
253
-57
31
-3
255
530
-33
-306
-21
243
171
-490
453
-598
-306
410
223
-509
279
39
118
451
-180
-723
16
-507
-592
-328
328
-76
-298
-651
430
154
516
38
180
266
-207
-122
100
-268
119
-765
712
59
7
148
-275
145
-51
186
-372
29
228
27
442
367
229
142
149
170
-45
278
-254
-321
37
84
-91
-77
149
324
189
59
-338
30
-142
416
327
144
27
89
-62
55
-50
-247
-233
2
258
197
60
-79
-79
380
251
143
-360
-297
277
-186
106
45
213
405
54
110
94
192
-48
197
409
12
-215
89
88
116
-65
-423
29
496
-29
214
-82
172
-4
196
-137
39
-152
-155
-383
201
-51
-192
-83
27
34
299
134
258
-160
-3
-68
209
180
137
253
80
-617
396
20
41
173
148
46
-500
-74
213
-34
-89
162
58
-61
-224
-375
212
-120
64
369
-66
-39
-183
88
244
-409
-329
365
-107
424
379
-306
573
-155
-383
287
-306
185
-395
-185
-159
-166
346
292
170
220
162
-225
-164
-183
-357
525
10
-55
-155
218
-243
-239
-83
141
-168
181
-19
-6
84
-253
-223
-157
-222
-40
-13
-100
125
232
-249
153
-83
150
7
-68
-24
-238
-7
-15
136
-117
-104
203
28
145
1
345
84
239
27
-192
44
111
337
151
-190
-44
324
-399
40
122
-5
-113
188
141
16
-176
57
20
244
-68
44
39
370
66
29
261
34
-276
21
-220
-22
-348
-755
227
345
432
-51
-225
248
195
284
-29
-67
79
41
351
-54
88
-402
46
-214
-148
346
-25
212
-487
316
142
164
-116
-67
228
91
-763
-133
-356
-479
-80
105
-271
-96
-40
78
43
-257
-300
147
316
-302
-212
-499
90
223
163
133
167
-343
315
359
159
-102
214
362
-97
432
-282
116
101
117
106
304
498
-130
-183
158
277
335
-6
452
-27
137
-536
-165
174
127
-84
-44
-113
497
76
-326
-401
61
-40
136
69
-17
-325
-183
-94
-124
-90
-86
23
285
151
-34
60
63
187
58
-25
-552
-61
216
-380
-271
-106
-119
-39
15
38
50
-488
-182
-124
214
-121
-285
-143
333
252
101
175
-135
-32
-33
-242
-197
33
99
-266
27
215
-8
-67
-162
-614
-2
176
-279
-280
-15
-42
-362
-235
-221
-6
108
-120
277
-61
-487
-249
-237
-135
-298
221
41
53
-372
-77
180
114
286
-266
268
44
-173
-384
-155
-114
-306
-45
18
-158
-40
78
-123
651
307
192
330
-28
171
260
-9
-132
-6
-84
3
203
-134
-353
256
-285
154
-332
-422
-286
60
95
-101
-187
-125
150
7
-12
158
-198
105
202
-96
97
-127
571
100
-58
240
-40
428
222
157
237
-136
79
148
9
37
-78
-30
23
64
314
-94
-48
-88
179
100
5
-37
189
107
-19
-90
25
-17
-36
17
-98
-80
-170
136
3
12
154
-74
-243
115
-34
38
-158
141
172
342
176
-36
-99
-95
10
-2
114
60
441
122
-50
49
-276
3
258
158
-30
-152
-78
221
-289
-5
204
464
-125
-14
288
139
-206
409
195
507
157
-80
-92
18
-40
35
-117
235
65
-290
8
353
465
63
111
235
288
102
102
-195
-202
-116
-90
246
304
-252
158
297
222
525
77
65
120
79
269
9
-317
512
487
-28
-81
-32
107
448
152
13
-171
-46
173
360
-175
35
378
-256
-159
-39
418
311
74
386
-201
308
-445
-108
339
78
109
199
-112
303
37
-89
-143
-121
14
154
109
25
-185
31
105
-98
-78
78
78
-173
-309
-131
224
302
-487
151
-91
448
-622
-526
-50
-76
-25
23
-215
183
-2
8
-204
119
40
-95
-118
-182
2
430
18
75
-197
-638
-190
-292
212
-35
-167
-432
6
-107
-59
-92
-63
238
-176
-83
60
72
137
-140
5
-182
63
-1
503
-27
271
-117
-258
564
190
-198
28
-271
154
-107
140
220
-164
-239
733
519
198
16
-91
292
177
-123
355
-28
255
398
7
-290
-84
-313
411
-106
177
24
98
292
139
101
-249
-128
287
79
-401
191
103
126
371
400
177
-90
-68
392
-110
141
357
-51
189
437
384
-314
192
-392
137
94
353
-305
10
-210
344
440
-436
246
457
347
-361
-45
42
37
255
242
-494
263
-33
99
-13
-181
-8
-82
230
524
-195
-191
-418
-539
92
61
-152
-225
17
-155
226
192
-398
179
458
167
-269
108
53
135
-98
-97
-487
-34
-510
-628
-65
-221
-238
-322
-291
587
-294
-235
-505
-76
-149
253
-174
133
225
87
164
146
-221
124
-57
-107
-153
-46
147
-147
-216
-279
-86
-118
-256
-204
-164
-175
-184
114
-253
14
-41
-399
-239
54
264
409
-29
-161
-126
64
250
318
-505
-97
83
-118
198
-355
290
-4
218
468
-230
56
-45
124
-420
-353
142
260
226
431
-43
-62
-309
-177
224
337
215
31
-133
431
249
253
-393
-93
266
-35
-41
-328
218
463
138
146
14
20
-268
-51
-98
-216
-52
107
-314
414
315
-307
-387
-428
-63
198
81
-185
1
275
332
304
-438
28
154
-277
59
-228
-6
-337
13
68
-314
271
-185
232
-206
-100
-60
246
-163
-62
208
-225
-344
-109
58
-256
-80
-346
-110
-217
-27
18
-192
102
-247
-395
-204
-298
-123
-268
238
176
-439
16
-94
-94
-318
-363
-330
-357
-86
-149
108
-44
175
-98
-537
5
-322
-62
-40
-449
-161
66
-37
410
147
-55
-208
-180
163
112
-57
-118
-100
24
86
-166
-82
-303
-290
-174
-190
180
-131
90
123
56
45
323
-576
-454
198
-409
219
297
-398
796
180
185
-80
303
421
322
-101
300
-195
135
415
-34
101
-489
-313
-60
-316
451
-289
487
142
-253
78
432
-180
-819
360
296
367
320
-351
408
233
221
105
-2
124
93
-424
-194
94
631
2
-296
237
-424
-71
159
-214
185
-197
152
-416
134
-6
14
100
18
214
776
124
-30
116
-30
365
-243
202
1
-125
93
307
-21
-275
616
-373
333
86
-97
-78
245
-266
6
239
376
202
-193
372
-249
188
-102
-300
114
-143
-163
-278
379
-290
-224
107
131
44
-180
120
220
-140
-228
-11
123
-56
-193
-300
-132
147
-293
60
-52
-6
-82
-383
-19
-114
0
303
-421
233
276
-160
248
38
215
-15
-75
97
-40
-115
140
3
80
159
23
165
-306
-427
-268
-102
288
-248
332
592
172
-517
384
-667
-253
-310
-569
106
560
216
665
352
607
76
313
299
670
-94
122
-133
35
203
40
690
19
-704
-156
-355
447
-542
347
299
-71
-690
-14
-62
-364
164
-379
430
135
282
220
-33
202
135
262
-455
-151
-536
-396
212
525
82
-560
104
116
840
-312
-705
131
377
82
-172
-239
80
-222
366
-138
528
701
3
-423
-189
-653
-51
-348
-34
-89
-183
-350
458
209
471
792
-9
71
76
-35
928
-296
-536
-3
790
-167
-111
361
666
-277
32
-262
154
636
299
-210
-181
-497
-356
0
444
31
-246
-285
401
405
-57
84
-169
357
111
-60
350
-111
-54
-167
513
